USERS,TYPE,FLAG_LSB_NP,FLAG_AN,FLAG_EPIC007,FLAG_PEP,DEPARTAMENTO,EDAD,FLAG_ROS,FLAG_FFNN
U-AlsoK4d7,PN,0,0,0,0,Arequipa,54,0,0
U-WvU9dJQz,PN,0,0,0,0,Loreto,36,0,1
U-UnzsGQJ9,PN,0,0,0,0,Junin,24,0,0
U-gofjP93w,PN,0,0,0,0,Madre de dios,63,0,0
U-fmXoepkC,PN,0,0,0,0,Junin,30,0,0
U-pxGjyTO8,PN,0,0,0,0,Ica,45,0,0
U-RjuyHmSy,PN,0,0,0,0,Tacna,36,0,0
U-BNSAFxgQ,PN,0,0,0,0,Ayacucho,37,0,0
U-9kqA3lbf,PN,1,0,0,0,Arequipa,49,0,0
U-vXP3tDnZ,PN,0,0,0,0,Lambayeque,56,0,0
U-R0NF5cEv,PN,0,0,0,0,Ancash,49,0,0
U-xKhWLaxk,PJ,0,0,0,0,Tacna,50,0,0
U-0iQfKVPv,PN,0,0,0,0,Loreto,24,0,0
U-ySIzCeH3,PN,0,0,0,0,Lambayeque,48,0,0
U-UJuaU7dz,PN,0,0,0,0,Ayacucho,41,0,0
U-7ZY7qtzU,PN,0,0,0,0,Junin,29,0,0
U-pFpFIt1C,PN,0,0,0,0,Tacna,45,0,0
U-9QSSGpU3,PN,0,0,0,0,Tacna,45,0,0
U-2EoEK257,PN,0,0,0,0,Loreto,48,0,0
U-3l1rcm7f,PN,0,0,0,0,Lima,25,0,0
U-HRJor30p,PN,0,0,0,0,Junin,49,0,0
U-BdS3mSG8,PN,0,0,0,0,Junin,31,0,0
U-OA4AY2sq,PN,1,0,0,0,Tumbes,36,0,0
U-ghVZj85U,PJ,0,0,0,0,Puno,59,0,0
U-m7K1wzkz,PN,0,1,0,0,Ayacucho,59,0,0
U-H9e9aI6J,PN,0,0,0,0,Tacna,43,0,0
U-6jmX0AZh,PN,0,0,0,0,Lambayeque,28,0,0
U-3HrPC4k3,PJ,0,0,0,0,Tacna,51,0,0
U-GLKd7jjF,PJ,0,1,0,0,Puno,24,0,0
U-TdFRT7EO,PJ,0,0,0,0,Junin,30,0,0
U-XEdHnf8y,PN,0,0,0,0,Lambayeque,45,0,0
U-zqKQ755w,PN,0,0,0,0,Loreto,35,0,0
U-1s5iwDYW,PN,1,0,0,0,Loreto,49,0,0
U-IwCom3yw,PJ,0,1,0,0,Arequipa,23,0,0
U-bJ1fV5l0,PN,0,0,0,0,Cuzco,47,0,0
U-5ciyB5XW,PN,0,0,0,0,Ica,63,0,0
U-cqZhkYY2,PJ,0,0,0,0,Lambayeque,60,0,0
U-wwJwUOqE,PN,0,0,0,0,Lima,36,0,0
U-WmakX7Qj,PN,0,0,0,0,Cuzco,62,0,0
U-ROPOZoYT,PN,0,1,0,0,Lima,34,0,0
U-iBlzWQvD,PN,0,0,0,0,Junin,29,0,0
U-4HK4mJUj,PN,0,0,0,0,Arequipa,34,0,0
U-iaOWQKT3,PJ,0,0,0,0,Arequipa,31,0,0
U-Cxc8HYoH,PN,0,1,0,0,Puno,34,0,0
U-6OSPeuaf,PN,0,0,0,0,Ayacucho,27,0,0
U-f7AGni9q,PN,0,0,1,0,Tacna,36,0,0
U-Svzx0YwQ,PN,0,0,0,0,Cuzco,47,0,0
U-4BXI9BcF,PJ,0,0,0,0,Madre de dios,42,0,1
U-TIqwB5Ff,PN,0,0,0,0,Ayacucho,49,0,0
U-pdm4C6l0,PN,0,0,0,0,Cuzco,48,0,0
U-AgWkScA3,PN,0,0,0,0,Loreto,59,0,0
U-i2DYmUV1,PN,1,0,0,0,Madre de dios,40,0,0
U-trOfLbQE,PN,0,0,0,0,Tacna,42,1,0
U-kDLZP8zi,PN,0,0,0,0,Puno,47,0,0
U-1Ln0kHXA,PN,1,0,0,0,Junin,57,0,0
U-vNRDgqW8,PN,0,0,0,0,Tumbes,61,0,0
U-YSDKmstk,PN,0,0,0,0,Ancash,38,0,0
U-WaHLsmDE,PN,0,0,0,0,Tacna,28,0,0
U-byPtM1Ln,PN,0,0,1,0,Lima,38,0,0
U-w9VSf2LW,PN,0,0,0,0,Cuzco,46,0,0
U-U32c3UiS,PJ,0,0,0,0,Lambayeque,41,0,0
U-XHx3peWf,PJ,0,0,0,0,Ayacucho,55,0,0
U-o0yaqgzU,PN,0,0,0,0,Lima,54,0,0
U-Z3jinMLD,PN,1,0,0,0,Loreto,39,0,0
U-AGrY7dsi,PN,1,0,0,0,Lambayeque,62,0,0
U-jreqqU8x,PN,0,0,0,0,Ancash,30,0,0
U-BFlHVuQ6,PJ,0,0,0,0,Loreto,32,0,0
U-0JmajXCr,PN,0,0,0,0,Puno,32,0,0
U-3ZYgIZkW,PN,0,0,0,0,Lambayeque,49,0,0
U-Fa7NHlPU,PN,0,0,0,0,Tumbes,27,0,0
U-fZfCdaox,PN,0,0,0,0,Puno,57,0,0
U-cnFUHGAK,PN,0,0,0,0,Arequipa,53,0,0
U-lh5GSACB,PN,0,0,0,0,Lambayeque,57,0,0
U-R8KnNlYp,PN,0,0,0,0,Tacna,35,0,0
U-Gdktd85w,PN,0,0,0,0,Tumbes,49,0,0
U-TZlt2DqK,PN,0,0,0,0,Ancash,43,0,0
U-psNC9QdA,PN,0,0,0,0,Ayacucho,64,0,0
U-JYVsJ3Vj,PN,0,0,0,0,Madre de dios,58,0,0
U-cZDAaOdX,PJ,0,1,0,0,Ica,57,0,0
U-ipVkAUW2,PJ,0,0,0,0,Ancash,53,0,0
U-HgyZv07w,PJ,0,0,0,0,Tumbes,41,0,0
U-QJTUhLzR,PN,0,0,0,0,Cuzco,54,0,0
U-9aLxZrJI,PN,0,1,0,0,Puno,58,0,0
U-LIPMc7UZ,PN,0,0,0,0,Ancash,56,0,0
U-o0NzxgDo,PN,0,0,0,0,Arequipa,61,0,0
U-4uSwD84I,PN,0,0,0,0,Madre de dios,63,0,0
U-1kk6kdAy,PN,0,0,0,0,Loreto,59,0,0
U-RntEGOrN,PJ,0,0,0,0,Ancash,57,0,0
U-eF9PE0d9,PJ,0,0,0,0,Madre de dios,47,0,0
U-JYmel6wv,PJ,0,0,0,0,Cuzco,40,0,0
U-Y2Ay08mV,PJ,0,0,0,0,Tumbes,30,0,0
U-DlOpXx9Z,PN,0,0,0,0,Cuzco,29,0,0
U-R0u567TJ,PN,0,0,0,0,Ancash,49,0,0
U-CoTJu6k3,PN,0,0,0,0,Tumbes,51,0,0
U-Tcr7Heel,PN,0,0,0,0,Lima,40,0,0
U-LsnSM6iT,PN,0,0,0,0,Loreto,56,0,0
U-kVgFAcAN,PN,0,0,0,0,Ayacucho,34,0,0
U-g0Z2TJIv,PJ,0,0,0,0,Ica,35,0,0
U-xiK5IVzr,PN,0,0,0,0,Ayacucho,63,0,0
U-EgxlRX5w,PN,0,0,0,0,Madre de dios,29,0,0
U-iOtbnOoJ,PN,0,0,0,0,Lambayeque,35,0,0
U-lEhC9dNV,PJ,1,0,0,0,Puno,58,0,0
U-FWTQ6Aw3,PN,0,0,0,0,Ayacucho,47,0,1
U-IP892Ltj,PN,0,0,0,0,Ancash,50,0,0
U-J6FZ48Qm,PN,0,0,0,0,Loreto,40,0,0
U-rrw2CUcE,PN,0,0,0,0,Ica,62,0,0
U-5oDdCNis,PJ,0,0,0,0,Cuzco,40,0,0
U-tXuvaPMV,PN,0,1,0,0,Arequipa,32,0,0
U-fEQTobJw,PN,0,0,0,0,Ancash,33,0,0
U-j2FH1MnU,PJ,0,0,0,0,Ayacucho,52,0,0
U-uobnHzwc,PJ,0,0,0,0,Lambayeque,24,0,0
U-Qio4EYVa,PJ,0,0,0,0,Loreto,51,0,0
U-TNCcqQED,PN,0,0,0,0,Tacna,24,0,0
U-Nl04am1A,PJ,0,0,0,0,Lambayeque,54,0,0
U-5Ri5vBEY,PN,0,0,0,0,Tacna,42,0,0
U-lm4vjK0d,PJ,0,0,0,0,Puno,29,0,0
U-LFr2weWE,PN,0,0,0,0,Loreto,47,0,0
U-Wc1EOHFu,PN,0,0,0,0,Ica,61,1,0
U-fEJJdbI2,PN,0,0,0,0,Cuzco,62,0,0
U-0BTL8Lsm,PN,0,0,0,0,Arequipa,31,0,0
U-AViIwVZ0,PN,0,0,0,0,Lambayeque,56,0,0
U-WHL1LNwa,PN,0,1,0,0,Ica,51,0,0
U-kGOGCVOb,PN,0,0,0,0,Madre de dios,60,0,0
U-IkX4d0Tu,PN,0,0,0,0,Arequipa,60,0,0
U-QsN6JeNQ,PN,0,0,0,0,Junin,54,0,0
U-TaVaEvh7,PN,0,0,0,0,Arequipa,53,0,0
U-BhaYGtJ0,PJ,0,0,0,0,Madre de dios,28,0,0
U-e0aNOrff,PN,0,1,0,0,Tumbes,47,0,0
U-J0XSdefj,PN,0,0,0,1,Loreto,57,0,0
U-ArF5SFml,PJ,0,0,0,0,Tumbes,32,0,0
U-IU4tbyzX,PN,0,0,0,0,Tumbes,23,1,0
U-5Z3gsuqF,PN,0,0,0,0,Ica,56,0,0
U-XPRMgHMz,PJ,0,0,0,0,Arequipa,30,0,0
U-P5pWCZNt,PN,0,0,0,0,Tacna,25,0,0
U-SEugh4mq,PN,0,0,0,0,Arequipa,30,0,0
U-0pOBgFPQ,PN,0,0,0,0,Junin,33,0,0
U-eSnOyszM,PN,0,0,0,0,Ayacucho,43,0,0
U-3chPvg6y,PN,0,0,0,0,Lima,45,0,0
U-ALQHWLco,PN,0,0,0,0,Puno,28,0,0
U-thRfifGY,PN,0,1,0,0,Arequipa,33,0,0
U-en9N12nx,PN,0,0,0,0,Cuzco,62,0,0
U-4SQvWNxl,PN,0,0,0,0,Ica,32,0,0
U-IpLAu8xT,PN,0,0,0,0,Lambayeque,59,0,1
U-MJ7B8b5D,PN,0,0,0,0,Tacna,25,0,0
U-8IoeqENF,PN,0,0,0,0,Arequipa,23,0,0
U-FbgbaIGj,PN,0,0,0,0,Ayacucho,31,0,0
U-aGph3yZY,PN,0,0,0,0,Puno,33,0,0
U-g8FMSv84,PN,0,0,0,0,Loreto,23,0,0
U-kxC2iCSf,PN,0,0,0,0,Arequipa,32,0,0
U-TsIsfZLk,PN,0,0,0,0,Lambayeque,25,0,1
U-OsOtR7fX,PN,0,0,0,0,Lima,38,0,0
U-59w7jH4s,PN,0,0,0,0,Madre de dios,26,0,0
U-RwABvMbU,PN,0,0,0,0,Ayacucho,60,0,0
U-44I8n8mi,PN,0,1,0,0,Lima,51,0,0
U-QdGyk3k0,PN,0,0,0,0,Ica,58,0,0
U-Bbe2d9B3,PN,0,0,0,0,Lima,48,0,0
U-s4h6y1yG,PN,0,0,0,0,Arequipa,62,0,0
U-a0msCkze,PN,0,0,0,0,Ica,38,0,0
U-rDsSBHoX,PJ,0,0,0,0,Puno,38,0,0
U-1ypF5r35,PN,1,0,0,0,Ayacucho,34,0,0
U-xlEQRHb8,PN,0,0,0,0,Madre de dios,64,0,0
U-lmGRHXjy,PJ,0,0,0,0,Junin,29,0,0
U-FU8j2vuf,PN,0,0,0,0,Cuzco,54,0,0
U-bdor8VTv,PN,0,0,0,0,Arequipa,43,0,0
U-CF6BF56q,PJ,0,0,0,0,Ica,39,0,0
U-RDRjoybs,PN,0,0,0,0,Tacna,55,0,0
U-TNeJog8e,PN,0,0,0,0,Junin,35,0,0
U-AIYJOOea,PN,0,0,0,0,Puno,64,0,0
U-g9DV9kOb,PJ,0,0,0,0,Loreto,44,0,0
U-OeUdSZAQ,PN,0,0,0,0,Ancash,50,0,0
U-Kk52HnpL,PN,0,0,0,0,Cuzco,37,0,0
U-szBavkZE,PJ,0,0,0,0,Puno,38,0,0
U-u8HDpqLk,PJ,0,0,0,0,Junin,44,0,0
U-AREV7DKR,PN,0,0,0,0,Puno,30,1,0
U-eiJ6EA6O,PJ,0,0,0,0,Ayacucho,39,0,0
U-iQK7ZFcs,PN,0,0,0,0,Madre de dios,41,0,0
U-wJuMT0yc,PN,0,0,0,0,Loreto,57,0,0
U-Yu5vzRIA,PN,0,0,0,0,Ancash,43,0,0
U-UCyvjxGN,PN,0,0,0,0,Ayacucho,25,0,0
U-BDPLIiBk,PN,0,0,0,0,Cuzco,27,0,0
U-wpgGljQi,PN,0,0,0,0,Lima,39,0,0
U-DezAiKRE,PN,0,0,0,0,Ica,34,0,0
U-oCStmi96,PJ,0,0,0,0,Ica,57,0,0
U-ANEFiskU,PJ,0,0,0,0,Ica,38,0,0
U-DR11ujDf,PN,0,0,0,0,Madre de dios,62,0,0
U-fItIYb7W,PJ,0,0,0,0,Tacna,42,0,0
U-1R7QoAqF,PN,0,0,0,0,Cuzco,47,0,0
U-bQZ0xmZ7,PN,0,0,0,0,Lambayeque,38,0,0
U-cfu6l1tW,PJ,0,0,0,0,Arequipa,53,0,0
U-j41jEmVc,PJ,0,0,0,0,Arequipa,61,0,0
U-q3g2I62K,PN,0,0,0,0,Loreto,53,0,0
U-StCP42nE,PN,0,0,0,0,Ancash,63,0,0
U-O5nduBT1,PN,0,0,0,0,Cuzco,63,0,0
U-gnJjrPpJ,PJ,0,0,0,0,Cuzco,29,0,0
U-AGJ36bjV,PN,0,0,0,0,Lima,62,0,0
U-ZLf8hkW8,PN,0,0,0,0,Lima,35,0,0
U-ZE690uxa,PJ,0,0,0,0,Ica,42,0,0
U-11w9SZWp,PN,0,0,0,0,Lima,48,0,0
U-oY0pFX47,PN,0,0,0,0,Ayacucho,58,0,0
U-08RPUZY1,PN,0,0,0,0,Tacna,59,0,0
U-xAbdXCQy,PN,0,0,0,0,Cuzco,28,0,0
U-vVEqArvT,PN,0,0,0,0,Madre de dios,44,0,0
U-QFxw6iJ3,PJ,0,0,0,0,Cuzco,59,0,0
U-S9IG0vOb,PN,0,0,0,0,Junin,32,0,0
U-Aj42O1Wg,PN,0,0,0,0,Loreto,50,0,0
U-NiXDqbHk,PN,0,0,0,0,Madre de dios,58,0,0
U-vUOvqTOJ,PN,0,0,0,0,Lambayeque,39,0,0
U-PdmEevYg,PN,0,0,0,0,Ayacucho,41,0,0
U-VEtr7mSz,PN,0,0,0,0,Junin,36,0,0
U-dcuMdLQG,PN,0,0,0,0,Ayacucho,41,0,0
U-mLeUbIHj,PJ,0,0,0,0,Lambayeque,25,0,0
U-oDo5g16G,PN,0,0,0,0,Ayacucho,60,0,0
U-RAnSTlra,PN,0,0,0,0,Junin,53,0,0
U-67vZZNfh,PN,0,0,0,0,Tumbes,62,0,0
U-HsCcEd3l,PN,0,0,0,0,Lima,33,0,0
U-YJO4ocjz,PN,0,0,0,0,Lambayeque,31,0,0
U-YA4TOJnM,PN,0,0,0,0,Cuzco,44,0,0
U-A1MQHAXT,PJ,0,1,0,0,Ancash,37,0,0
U-r2RPyP25,PN,0,0,0,0,Junin,48,0,0
U-bmHD1e1y,PN,0,0,0,0,Ayacucho,58,0,0
U-H0hBok4s,PJ,0,0,0,0,Lima,49,0,0
U-8dtNYYiK,PJ,0,0,0,0,Junin,44,0,0
U-relnnekg,PN,0,0,0,0,Loreto,39,0,0
U-tMKWrxiJ,PN,0,0,0,0,Lambayeque,56,0,0
U-uTEsBW84,PN,0,0,0,0,Ancash,30,0,0
U-aM1tNqXT,PN,0,0,0,0,Arequipa,43,0,0
U-5sbmodr2,PN,0,0,0,0,Ancash,25,0,0
U-Rz697lmG,PN,0,0,0,0,Madre de dios,27,0,0
U-cn8N7kkF,PJ,0,1,0,0,Ayacucho,57,0,0
U-xWxt5Dnw,PN,1,0,0,0,Cuzco,37,0,0
U-LILBqIIn,PN,0,0,0,0,Cuzco,60,0,0
U-q7C7fcgI,PN,0,0,0,1,Ica,57,0,0
U-Hax4oGgd,PJ,0,0,0,0,Tacna,30,0,0
U-TrIqjmxJ,PN,0,0,0,0,Madre de dios,41,0,0
U-c3Ay7Z6Y,PN,0,0,0,0,Puno,63,0,0
U-q0HvUmEL,PN,0,0,0,0,Loreto,42,0,0
U-uOnApxws,PN,0,0,0,0,Ica,54,0,0
U-1CT0IfcF,PJ,0,0,0,0,Puno,27,0,0
U-F7gjpIl8,PN,0,0,0,0,Tumbes,49,0,0
U-iZPiAMUJ,PN,0,0,0,0,Puno,59,0,0
U-qCu3RiFX,PN,0,0,1,0,Ancash,41,0,0
U-RzZ9WwYV,PN,0,0,0,0,Loreto,30,0,0
U-toZgtv7r,PJ,0,0,0,0,Tacna,38,0,0
U-TwSqQW8r,PJ,0,0,0,0,Madre de dios,45,0,0
U-FjTi4bRH,PN,0,1,0,0,Arequipa,33,1,0
U-kR5DullW,PN,0,0,0,0,Cuzco,32,0,0
U-zM1h96cv,PN,0,0,0,0,Puno,39,0,0
U-Fr8mKIWE,PJ,0,0,0,0,Junin,38,0,0
U-JO8OQk8V,PJ,0,0,0,0,Madre de dios,46,0,0
U-OuQQgOml,PN,0,0,0,0,Ayacucho,28,0,0
U-kjZGgwH7,PN,0,0,0,0,Ayacucho,30,0,0
U-CeQxBqfl,PJ,0,0,0,1,Lambayeque,61,0,0
U-Vk4CkKi1,PJ,0,0,0,0,Puno,51,0,0
U-UXHfz6FA,PJ,1,0,0,0,Lima,49,0,0
U-0pmdWBOL,PN,0,0,0,0,Cuzco,40,0,0
U-Sfjopalg,PN,0,0,0,0,Cuzco,51,0,0
U-TGRRwBiN,PN,0,0,0,0,Tumbes,55,0,0
U-LhHeUNbu,PN,0,0,0,0,Arequipa,23,0,0
U-UXaIy0Xp,PN,0,0,0,0,Ancash,53,0,0
U-D7ZdydSU,PJ,0,0,0,0,Puno,51,0,0
U-UMVp4nF6,PN,0,0,0,0,Ancash,56,0,0
U-trax8F2K,PJ,0,0,0,0,Ayacucho,44,0,0
U-cg3N6Qqe,PJ,0,0,0,0,Lima,30,0,0
U-Ir8kwGxb,PJ,0,0,0,0,Arequipa,61,0,0
U-SuiZUZ1Z,PN,0,0,0,0,Madre de dios,26,0,0
U-3IVFBI26,PN,0,0,0,0,Cuzco,47,0,0
U-QbnqAZr1,PJ,0,0,0,0,Ancash,56,0,0
U-qSEiqQ3R,PN,0,0,0,0,Ayacucho,49,0,0
U-TB9nWmTP,PJ,0,0,0,0,Madre de dios,59,0,0
U-dkSmZfC7,PN,0,0,0,0,Junin,38,0,0
U-Vpx798NV,PJ,0,0,0,0,Madre de dios,52,0,0
U-VZFZfGwn,PN,0,0,0,0,Arequipa,55,0,1
U-GFAnntWC,PN,0,0,0,0,Ancash,28,0,0
U-cTLxJloU,PJ,0,0,0,0,Ayacucho,28,0,0
U-quU3pLHO,PJ,0,0,0,0,Lambayeque,62,0,0
U-VYoCaQEd,PN,0,0,0,0,Puno,28,0,0
U-XpkEQQRi,PN,0,0,0,0,Arequipa,53,0,0
U-AgyPNHXd,PN,0,0,0,0,Tacna,47,0,0
U-EIqeUoCK,PN,0,0,0,0,Arequipa,60,0,0
U-bukrbTfD,PN,0,0,0,0,Tumbes,38,0,0
U-vqozkDzJ,PN,0,0,0,0,Lambayeque,37,0,0
U-3vN5zzE7,PN,0,0,0,0,Lima,41,0,0
U-gtYn3Fjz,PJ,0,0,0,0,Ayacucho,27,0,0
U-ZtPA32yl,PN,0,0,0,0,Loreto,29,0,0
U-0EapP4zX,PN,0,0,0,0,Ica,47,0,0
U-l0ryTmyx,PN,0,0,0,0,Puno,64,0,0
U-9RqbgYZy,PJ,0,0,0,0,Puno,64,0,1
U-c48LgJmu,PN,0,0,0,0,Ayacucho,53,0,0
U-VsK3VFpe,PN,0,0,0,0,Ancash,36,1,0
U-E4ImWbFK,PN,0,0,0,0,Ancash,26,0,0
U-vlDSlLxd,PN,0,0,0,0,Puno,48,0,0
U-xWUvgf1s,PN,0,0,0,0,Ayacucho,39,0,0
U-YUGiByAA,PN,0,0,0,0,Madre de dios,30,0,0
U-F1YgxSnP,PN,0,0,0,0,Junin,33,0,0
U-obD4ssTs,PN,0,0,0,0,Puno,37,0,0
U-gXoSl0a1,PJ,0,0,0,0,Tacna,31,0,0
U-bwy1Biyy,PN,0,0,0,0,Madre de dios,54,0,0
U-ySQ2K6rx,PN,0,1,0,0,Loreto,25,0,0
U-m4XM7yVm,PJ,0,0,0,0,Ica,39,0,0
U-vZt2rMlu,PN,0,1,0,0,Madre de dios,44,0,0
U-tLP8uq05,PJ,0,0,0,0,Tacna,58,0,0
U-yd0JDMfX,PN,0,0,0,0,Puno,52,0,0
U-EpFhA8Hy,PN,0,0,0,0,Madre de dios,56,0,0
U-l9D2R27C,PN,0,0,0,0,Madre de dios,47,0,0
U-lS4OscHu,PN,0,0,0,0,Ancash,44,0,0
U-OrDPqGbq,PJ,0,0,0,0,Ancash,51,0,0
U-dNZThpsw,PN,0,0,0,0,Loreto,53,0,0
U-LR1S9j5r,PN,0,0,0,0,Cuzco,28,0,0
U-lw7SKIcp,PN,0,0,0,0,Arequipa,29,0,0
U-vstOI7ER,PJ,0,0,0,0,Ancash,26,0,0
U-69NF0tOa,PJ,0,0,0,0,Cuzco,25,0,0
U-atfw2vYm,PN,0,0,0,0,Lambayeque,43,0,0
U-MZhK9fPh,PN,0,0,0,0,Lambayeque,46,0,0
U-AMoMD85K,PN,0,0,0,0,Cuzco,50,0,0
U-6OUwoWdd,PN,0,0,0,0,Lima,55,0,0
U-JqEY8i1d,PN,0,1,0,0,Loreto,52,0,0
U-dyUp33KA,PN,0,0,0,0,Junin,61,0,0
U-9VxzC29z,PJ,0,0,0,0,Loreto,53,0,0
U-n7rS1l8A,PN,0,0,0,0,Loreto,42,0,0
U-ftuScJkA,PN,0,0,0,0,Lima,64,0,0
U-KSCGKubB,PN,0,0,0,0,Loreto,26,0,0
U-Ptkdh6u9,PN,0,0,0,0,Junin,26,0,0
U-w0F52fbQ,PN,0,0,0,0,Cuzco,27,0,0
U-xQ3LOruT,PN,0,0,0,0,Madre de dios,28,0,0
U-0wNppjb2,PN,0,0,0,0,Puno,41,0,0
U-jzuvkTGh,PJ,0,0,0,0,Cuzco,56,0,0
U-ps48EuAO,PN,0,0,0,0,Madre de dios,25,0,0
U-UoV3e1TL,PN,0,0,0,0,Ancash,56,0,0
U-fD55Wvzu,PN,0,0,0,0,Loreto,41,0,0
U-PTUCwo2A,PN,0,0,0,0,Arequipa,38,0,0
U-PVyovS1Q,PJ,0,0,0,1,Ica,36,0,0
U-RXWgmax3,PN,0,0,0,0,Loreto,58,0,0
U-LyJNhx3X,PN,0,0,0,0,Arequipa,55,0,0
U-2ZtCjXWx,PJ,0,0,0,0,Puno,42,0,0
U-pPsvVBzN,PN,0,0,0,0,Ayacucho,53,0,0
U-qGBRt3wQ,PN,0,1,0,0,Puno,61,0,0
U-IC0PFKWs,PN,0,0,0,0,Ica,37,0,0
U-rqo7NEcr,PJ,0,0,0,0,Ayacucho,35,0,0
U-UZrkKEzm,PN,0,0,0,0,Ayacucho,64,0,0
U-Yxxr2vU9,PN,0,0,0,0,Loreto,64,0,0
U-O87NeZRa,PN,0,0,0,0,Arequipa,35,0,0
U-rW6LVaJ5,PJ,0,0,0,0,Lambayeque,63,0,0
U-1BwTM4yH,PN,0,0,0,0,Ayacucho,57,0,0
U-gfaIKho6,PN,0,0,0,0,Arequipa,54,0,1
U-laVkYx3Z,PN,0,0,0,0,Madre de dios,54,0,0
U-8ag6wscw,PN,0,0,0,0,Cuzco,52,0,0
U-n8SOEwES,PN,0,0,0,0,Arequipa,37,0,0
U-yQvpqKSp,PN,0,0,0,0,Arequipa,63,0,0
U-zPy99lOU,PN,0,0,0,0,Puno,25,0,0
U-kuDCvkRy,PN,0,0,0,0,Lambayeque,36,0,1
U-MVyIKm2K,PN,0,0,0,0,Lima,37,0,0
U-hocqWPhB,PN,0,0,0,0,Lambayeque,49,0,0
U-VzlsXMwI,PJ,0,0,0,0,Lima,25,0,0
U-5NF2ravd,PJ,1,0,0,0,Lambayeque,25,0,0
U-6f550Q8c,PN,0,0,0,0,Madre de dios,25,0,0
U-ifPA3j6y,PN,0,0,0,0,Puno,55,0,0
U-LNbESZpR,PJ,0,1,0,0,Arequipa,35,0,0
U-weStCOxi,PN,0,0,0,0,Lima,32,0,0
U-FluYfYwR,PN,0,0,0,0,Ica,25,0,1
U-4PHmx9Hz,PN,0,0,0,0,Arequipa,59,0,0
U-JUf2aoFq,PN,0,1,0,0,Lima,46,0,0
U-pqLgrZwV,PN,0,0,0,0,Cuzco,56,0,0
U-eSPYdJpC,PN,0,0,0,0,Lima,36,0,0
U-6WPXBvAZ,PN,0,0,0,0,Puno,33,0,0
U-0ivyTZxn,PN,0,0,0,0,Madre de dios,39,0,0
U-SRDxPN2j,PN,0,0,0,0,Junin,58,0,0
U-aVjjbiZy,PJ,0,0,0,0,Ancash,32,0,0
U-DtfcTnzM,PN,0,0,0,0,Tumbes,34,0,0
U-9I0BVs40,PJ,0,0,0,0,Tumbes,62,0,0
U-SsahTId2,PN,0,0,0,0,Cuzco,37,0,0
U-5SuUIt2H,PN,0,0,0,0,Tumbes,31,0,0
U-0M0ANZND,PN,0,1,0,0,Ancash,48,0,0
U-zR6qLBJ8,PN,0,0,0,0,Junin,57,0,0
U-N6KR2rHd,PN,1,1,0,0,Tumbes,63,0,0
U-fppfjlCY,PN,0,0,0,0,Ayacucho,60,0,0
U-kNEcTMHC,PJ,0,0,0,0,Loreto,42,0,0
U-2eAHk4sS,PN,1,0,0,0,Arequipa,46,0,0
U-AkN3ibqb,PN,0,0,0,0,Cuzco,53,0,0
U-1IELi7pU,PJ,0,0,0,0,Ancash,57,0,1
U-22Zsshfy,PN,0,0,0,0,Lambayeque,28,0,1
U-jXQdWHTP,PJ,0,0,0,0,Lambayeque,35,0,0
U-HsCPZ8aF,PN,0,0,0,0,Tumbes,30,0,0
U-VwKu0kG3,PN,0,0,0,0,Ica,55,0,0
U-2YnapuZh,PN,0,0,0,0,Tacna,56,0,0
U-3e4Xqdvo,PJ,0,0,0,0,Ica,31,0,0
U-6OXdd72k,PN,0,0,0,0,Loreto,54,1,0
U-356CrTZG,PN,0,0,0,0,Loreto,41,0,0
U-PRwzcybp,PN,0,0,0,0,Madre de dios,23,0,0
U-rZDhiVOw,PN,0,0,0,0,Ancash,49,0,0
U-BoeCSsIT,PJ,0,0,0,0,Junin,52,0,0
U-idLzTBn8,PJ,0,0,0,0,Loreto,59,0,0
U-OrORhowL,PN,0,0,0,0,Junin,37,0,0
U-2JsezkZF,PN,0,0,0,0,Tumbes,57,0,0
U-bs2jsW1H,PN,0,0,0,0,Loreto,24,0,0
U-xCAdLye0,PN,0,0,0,0,Ayacucho,52,0,0
U-dFpeHmjh,PN,0,0,0,0,Junin,35,0,0
U-M6D8nj9v,PN,0,0,0,0,Cuzco,57,0,0
U-jlKrjvns,PJ,0,0,0,0,Tacna,45,1,0
U-0Sneir3J,PJ,0,0,0,0,Junin,37,0,0
U-U0iLP2Mn,PN,0,0,0,0,Junin,35,0,0
U-ou0EAH3B,PN,0,0,0,1,Madre de dios,25,0,0
U-htwvnt5y,PN,0,0,0,0,Lima,52,0,0
U-pAFQLe91,PN,0,0,0,0,Junin,60,0,0
U-5ICC37sH,PN,0,0,0,0,Cuzco,35,0,0
U-6Zylwyjz,PN,0,1,0,0,Lambayeque,40,0,0
U-QUAVapOp,PN,0,0,0,0,Madre de dios,56,0,0
U-71ufBHMS,PN,0,0,0,0,Tumbes,43,0,0
U-x7r6bJPU,PN,0,0,0,0,Puno,23,0,0
U-ofmaxjtj,PJ,0,0,0,0,Tacna,38,0,0
U-eDArVHpN,PN,0,0,0,0,Lima,34,0,0
U-q42btoMa,PN,0,0,0,0,Ancash,57,0,0
U-2FPhe9U3,PJ,0,0,0,0,Junin,24,0,0
U-EzO9WDmB,PJ,0,0,0,0,Loreto,53,0,0
U-vQr8EuFq,PN,0,0,0,0,Tumbes,39,0,0
U-mSWlOrKY,PN,0,0,0,0,Cuzco,60,0,0
U-YBnug8iM,PJ,0,0,0,0,Loreto,49,0,0
U-GMB4m3SN,PN,0,0,0,0,Puno,23,0,0
U-qR4AmHJx,PN,0,1,0,1,Ancash,42,0,0
U-ClqgBzEz,PN,0,0,0,0,Tacna,31,0,0
U-90IJn1EY,PN,0,0,0,0,Puno,36,0,0
U-iWn15JtZ,PN,0,0,0,0,Junin,33,0,0
U-mUhgJVaC,PN,0,0,0,0,Tacna,36,0,0
U-AgeZSZmp,PN,0,0,0,0,Tumbes,37,0,0
U-k1KD6abK,PJ,0,0,0,0,Lima,56,1,0
U-wgiHXFCb,PN,0,1,0,0,Loreto,56,0,0
U-PNSEM4H0,PN,0,1,0,0,Ayacucho,37,0,0
U-UDUSybMg,PJ,0,0,0,1,Puno,61,0,0
U-WNXuGfaK,PN,0,0,0,0,Arequipa,44,0,0
U-35F1pPzk,PN,0,0,0,0,Junin,48,0,0
U-JfMUY2LK,PN,0,0,0,0,Loreto,51,0,0
U-l2w74nRU,PN,0,0,0,0,Lambayeque,34,0,0
U-vYJwimRS,PN,0,0,0,0,Tacna,52,0,0
U-mWrJZzrB,PN,1,0,0,0,Ancash,50,0,0
U-vh20ZAgb,PN,0,0,0,0,Tumbes,36,0,0
U-cc9uR69j,PN,0,0,0,0,Arequipa,56,0,0
U-H2hv18Dc,PN,0,0,0,0,Ancash,52,0,0
U-6FY12g1N,PJ,0,0,0,0,Ancash,49,0,0
U-8wsuFXnx,PN,0,0,0,0,Ancash,52,0,0
U-r4ECUdhZ,PN,0,0,0,0,Cuzco,50,0,0
U-wTIRVyBG,PN,0,0,0,0,Lima,25,0,0
U-XVGWIyfu,PN,0,0,0,0,Puno,26,0,0
U-tAfVn7as,PJ,0,0,0,0,Madre de dios,36,0,0
U-joLk7hbh,PN,0,0,0,0,Ayacucho,50,0,0
U-5V9W1lG2,PJ,0,0,0,0,Arequipa,41,0,0
U-rlcTEHnY,PN,0,0,0,0,Arequipa,29,0,0
U-EzFFhr1W,PN,1,0,0,0,Arequipa,52,0,0
U-NVqyth8x,PN,0,0,0,0,Madre de dios,28,0,0
U-sAfHy5m9,PN,0,1,0,0,Lambayeque,54,0,0
U-jnF5EkVk,PN,0,0,0,0,Arequipa,36,1,0
U-0HrUxkxi,PJ,0,0,0,0,Junin,45,0,0
U-GHm3bKH5,PJ,0,0,0,0,Tacna,64,0,0
U-oYGyd5c1,PN,0,0,0,0,Puno,29,0,0
U-ikqwGXYR,PN,0,0,0,0,Puno,37,0,0
U-uZW09IXL,PN,0,0,0,0,Madre de dios,28,0,0
U-ikTDGQCV,PN,0,0,0,0,Ancash,24,0,0
U-mTiXrOqz,PN,0,0,0,0,Puno,63,0,0
U-hgeuMYvZ,PJ,0,0,0,0,Loreto,24,0,0
U-qNRDh5YP,PN,0,0,0,0,Ayacucho,52,0,0
U-p1KcqNPm,PN,0,0,0,0,Ayacucho,47,0,0
U-g6agLCoJ,PN,0,0,0,0,Ayacucho,44,0,1
U-5T3vgyMu,PN,0,0,0,0,Junin,31,1,0
U-2RStLhnk,PN,0,0,0,0,Lambayeque,43,0,0
U-s48xvq2G,PJ,0,0,0,0,Lambayeque,47,0,0
U-WW9KwrcK,PJ,0,0,0,0,Tacna,62,0,0
U-q6M9ZpLv,PN,0,0,0,0,Arequipa,63,0,0
U-KHCJPYZr,PN,0,0,0,0,Cuzco,63,1,0
U-d15vo0WY,PN,0,0,0,0,Ica,23,0,0
U-zUc3Pj2L,PN,0,0,0,1,Ayacucho,40,0,0
U-ATavSdgE,PN,0,0,0,0,Ica,34,0,0
U-yGfxzgHt,PN,0,0,0,0,Ancash,47,0,0
U-jgWtcHl5,PN,0,1,0,0,Junin,59,0,0
U-16q4IWDU,PN,0,0,0,0,Ica,49,0,0
U-s3gmq5uE,PN,0,0,0,0,Arequipa,31,0,0
U-Z8mTkoLS,PN,0,0,0,0,Ancash,61,0,0
U-94fl1e5E,PJ,0,0,0,0,Ayacucho,26,0,0
U-deRgLlym,PN,0,0,0,0,Tacna,24,1,0
U-IhyW7xLm,PN,0,1,0,0,Cuzco,55,0,0
U-26QAEKzj,PJ,0,0,0,0,Ayacucho,34,1,0
U-tFweBzSN,PN,0,0,0,0,Ica,54,0,0
U-k1XIQRi0,PN,0,0,0,0,Loreto,49,0,0
U-Z68EzSbQ,PJ,0,0,0,0,Loreto,23,0,0
U-TztJRqGK,PJ,0,0,0,0,Madre de dios,31,0,0
U-SfPe47Za,PJ,0,0,0,0,Lambayeque,50,0,0
U-j3aKKgbn,PN,0,0,0,0,Arequipa,41,0,0
U-fToUDGCG,PN,0,0,0,0,Cuzco,56,0,0
U-ijcskDY0,PN,0,0,0,0,Madre de dios,45,1,0
U-aejdOUpC,PN,0,0,0,1,Ica,31,0,0
U-yBcSesqv,PN,0,0,0,0,Madre de dios,43,0,0
U-dVXWm1pw,PN,0,0,0,0,Puno,61,0,0
U-YlqYYUNa,PN,0,0,0,0,Loreto,38,0,0
U-FRIckt8n,PN,0,0,0,0,Ayacucho,49,0,0
U-jJmT7dKe,PJ,0,0,0,0,Tumbes,47,0,0
U-ZBnV1xyT,PN,0,0,0,0,Arequipa,55,0,0
U-Vs4qkqse,PN,0,0,0,0,Tumbes,52,0,0
U-MW98qdcM,PN,0,1,0,0,Puno,38,0,0
U-LInsajqt,PN,0,0,0,0,Ayacucho,28,0,0
U-3a6yKwEb,PJ,0,0,0,0,Puno,38,0,0
U-GoTW3eWp,PJ,0,0,0,0,Tacna,33,0,0
U-s3xokjln,PN,0,0,0,0,Ayacucho,24,0,0
U-iDihLzVl,PN,0,0,0,0,Lima,41,0,0
U-BkZndhHv,PN,0,0,0,0,Ancash,52,0,0
U-h9eWqAOj,PN,0,0,0,0,Ancash,40,0,0
U-jbSIaK8s,PJ,0,0,0,0,Loreto,45,0,0
U-jwlSdkUb,PN,0,0,0,0,Lambayeque,60,0,0
U-VWoGP3f9,PN,0,0,0,0,Lambayeque,24,0,0
U-YUg3yql3,PN,0,0,0,0,Tumbes,56,0,0
U-ud6KxxGD,PN,0,0,0,0,Tacna,38,0,0
U-V06kZ8iw,PJ,0,0,0,0,Lambayeque,52,0,0
U-i6ORPIdx,PN,0,0,0,0,Arequipa,33,0,0
U-x5XWTrul,PN,0,0,0,0,Junin,52,0,0
U-b8v4qy3u,PN,0,0,0,0,Cuzco,36,0,0
U-7QFJYRLl,PN,0,0,0,0,Ayacucho,62,0,0
U-C8CIdWDU,PN,1,0,0,0,Junin,33,0,0
U-RqUCqFii,PN,0,1,0,0,Arequipa,41,0,1
U-9oAxTnFo,PN,0,0,0,0,Lima,32,0,0
U-rl9l6COZ,PN,0,1,0,0,Cuzco,63,0,0
U-LOOyHApk,PN,0,0,0,0,Loreto,35,0,0
U-KMxwq0Td,PN,0,0,0,0,Junin,27,0,0
U-zrFV610a,PN,0,1,0,1,Ica,62,0,0
U-HqufCN31,PN,0,0,0,0,Madre de dios,40,0,0
U-ZDZwSgjl,PN,0,0,0,0,Lambayeque,45,0,0
U-pXdQbeZM,PJ,0,0,0,0,Lambayeque,48,0,0
U-e0Qb2HIM,PN,0,0,0,0,Madre de dios,40,0,0
U-vVxlo9Qf,PN,1,0,0,0,Tacna,47,0,0
U-9BHM3FAO,PN,0,0,0,0,Cuzco,43,0,0
U-33QiD2eG,PN,0,0,0,0,Ancash,52,0,0
U-XBT3PwdI,PN,0,0,0,0,Tumbes,53,0,1
U-WipKU5tr,PN,0,0,0,0,Tacna,51,0,0
U-tGOsc6jn,PN,0,0,0,0,Tumbes,40,0,0
U-oYqiqFlH,PN,0,0,0,0,Tacna,62,0,0
U-JybaF37Z,PN,0,0,0,1,Cuzco,34,0,0
U-e4cYNgCJ,PJ,0,0,0,0,Tumbes,55,0,0
U-qBm0atOA,PJ,0,0,0,0,Cuzco,41,0,0
U-0Z8ekkoB,PN,0,0,0,0,Lima,61,0,0
U-rhlsufAU,PJ,0,0,0,0,Lambayeque,31,0,0
U-aaTTyyks,PN,0,0,0,0,Lima,32,0,0
U-QJ1lgGUT,PN,0,0,0,0,Cuzco,62,0,0
U-YaPxVogh,PN,0,0,0,0,Arequipa,63,0,0
U-pd2V9xgI,PN,0,0,1,1,Cuzco,48,0,0
U-H7l1Bklp,PN,0,0,0,0,Madre de dios,51,0,0
U-uH55r38K,PN,0,0,0,0,Tumbes,47,0,0
U-Lx3MiQKj,PN,0,0,0,0,Lambayeque,41,0,0
U-Zg0Q9Tey,PN,0,0,0,0,Ica,49,0,0
U-KHyaH8ga,PJ,0,0,0,0,Loreto,25,0,0
U-UGAMQuFa,PN,0,0,0,0,Puno,32,0,0
U-5qTmdGu4,PN,0,0,0,0,Arequipa,59,0,0
U-7q9GiVfe,PN,0,0,0,0,Cuzco,58,0,0
U-CiTG8pLT,PN,1,0,0,0,Tacna,23,0,0
U-ZVbeh8aq,PJ,0,0,0,0,Cuzco,38,0,0
U-ATKXpeOe,PJ,0,0,0,0,Lambayeque,62,0,0
U-tGlYv3eH,PN,1,1,0,0,Lima,53,0,0
U-e0YpVcmb,PN,0,0,0,0,Ayacucho,28,0,0
U-8AsEHdPR,PN,0,0,0,0,Loreto,33,0,0
U-z4Xogjcb,PN,0,0,0,0,Tumbes,47,0,0
U-784wxe2J,PN,0,0,0,0,Puno,25,0,0
U-WikYNG9L,PN,0,0,0,0,Tacna,56,0,0
U-KFn2WxIV,PN,0,0,0,0,Ica,63,0,0
U-oYUBQ7rd,PN,0,0,0,0,Ica,39,0,0
U-vPhf9dbD,PN,0,0,0,0,Lambayeque,42,0,0
U-PmKW5Pm5,PJ,0,0,0,0,Loreto,61,0,0
U-dmTSKvTt,PN,0,0,0,0,Arequipa,62,0,0
U-CdCvbXDv,PN,0,0,0,0,Ica,45,0,0
U-ogHsH98Z,PJ,0,0,0,0,Ica,51,0,0
U-xzTEBlLc,PJ,0,0,0,0,Tacna,23,0,0
U-hYWsTWg9,PN,0,0,0,0,Arequipa,55,0,1
U-1hMjXVGm,PN,0,0,0,0,Lambayeque,23,0,0
U-06fYjZcK,PN,0,0,0,0,Ayacucho,43,0,0
U-reWSuZRz,PN,0,0,0,0,Madre de dios,55,0,0
U-ABHuLnPQ,PJ,0,0,0,0,Tumbes,48,0,0
U-YoroPw6W,PN,0,0,0,0,Ica,62,0,0
U-MofLtDng,PN,0,0,0,0,Loreto,26,0,1
U-kE3W7Pmr,PN,0,0,0,0,Ancash,44,0,0
U-rBI6Pwlu,PN,0,0,0,0,Tacna,43,0,0
U-XVGm0Jko,PN,0,0,0,0,Loreto,40,0,0
U-oCzSju53,PN,0,0,0,0,Ica,36,0,0
U-NJ8lD6bc,PN,0,0,0,0,Tacna,49,0,0
U-Usa8Vtnl,PJ,0,0,0,0,Ayacucho,50,0,0
U-MKBCWE9p,PN,0,0,0,0,Ancash,36,0,1
U-BvleBvzS,PN,0,0,0,0,Madre de dios,61,1,0
U-iTrnTunu,PJ,0,0,0,0,Loreto,63,0,0
U-ebVEMneM,PN,1,0,0,0,Tumbes,45,0,0
U-LJzjFeou,PN,0,0,0,0,Loreto,31,0,0
U-xzKHuEJd,PN,0,0,0,0,Arequipa,36,0,0
U-RkJN4PUB,PN,0,0,0,0,Ancash,24,0,0
U-YFpwxqyC,PJ,0,0,0,0,Lima,53,0,0
U-PA1IN2Jp,PJ,0,0,0,0,Junin,58,0,0
U-78Md1qrQ,PN,0,0,0,0,Loreto,55,0,0
U-J09JKByc,PJ,0,0,0,0,Cuzco,32,0,0
U-m7loj3mk,PJ,0,1,0,0,Loreto,40,0,0
U-UGhZnYdK,PJ,0,0,0,0,Lima,61,0,0
U-3z0hAPnG,PJ,0,0,0,0,Arequipa,38,0,0
U-kg5LwCJ2,PN,0,0,0,0,Loreto,45,0,0
U-dtuCPFME,PJ,0,0,0,0,Lima,38,0,0
U-LWIM9Y0Q,PJ,0,0,0,0,Arequipa,53,0,0
U-4eLqRWvf,PN,0,0,0,0,Ayacucho,34,0,0
U-FmdkIKc3,PN,0,0,0,0,Cuzco,42,0,0
U-ncilCdpX,PJ,0,0,0,0,Ancash,44,0,0
U-GEArxPpF,PN,0,0,0,0,Tumbes,57,0,0
U-Uh9PPxs0,PN,0,0,0,0,Junin,54,0,0
U-vpWRsd0L,PN,0,1,0,0,Lambayeque,32,1,0
U-Zygru71a,PN,0,0,0,0,Tacna,60,0,0
U-UhXA0QMG,PJ,0,0,0,0,Puno,60,0,0
U-VfPK0Keq,PN,0,0,0,0,Cuzco,56,0,0
U-48qs0I2N,PN,0,0,0,0,Junin,36,0,0
U-gGHhQyg0,PN,0,0,0,0,Tacna,40,0,0
U-Jexmyj46,PN,0,0,0,0,Ica,55,0,0
U-fkE45W8q,PJ,0,0,0,0,Tumbes,33,0,0
U-5xJTLBxM,PN,1,0,0,0,Loreto,64,0,0
U-34eUsCFz,PN,0,0,0,0,Ayacucho,49,0,0
U-C5i00kRX,PN,1,0,0,0,Loreto,38,0,0
U-Cekw3ylb,PN,0,0,0,0,Tacna,54,0,0
U-UvvaofE3,PN,0,0,0,0,Puno,44,0,0
U-uLKKfnUF,PJ,0,1,0,0,Madre de dios,45,0,0
U-jCrYwJIp,PN,0,0,0,0,Tacna,44,0,0
U-2lLBGAMi,PN,0,0,0,0,Cuzco,27,0,0
U-NsKKfDuJ,PN,0,0,0,0,Arequipa,40,0,0
U-GE3mxeSh,PN,0,0,0,0,Ancash,42,0,0
U-SfXBIsdV,PN,0,0,0,0,Cuzco,34,0,0
U-R6SlLoJw,PJ,0,0,0,0,Lambayeque,47,0,0
U-M6h9JADM,PN,0,0,0,0,Junin,51,0,0
U-qtyeHw20,PN,0,1,0,0,Tumbes,37,0,0
U-3Ge5N3DX,PN,0,0,0,0,Puno,51,0,0
U-exaBOdBQ,PN,0,0,0,0,Loreto,60,0,0
U-DZW9v923,PN,0,0,0,0,Lima,35,0,0
U-cEJiJHwu,PN,0,0,0,0,Madre de dios,53,0,0
U-rLo7JDD1,PJ,0,0,0,0,Madre de dios,37,0,1
U-fvXQp7es,PN,0,0,0,0,Junin,27,0,0
U-TGtfQH36,PN,0,0,0,0,Cuzco,62,0,0
U-DVYIYiFc,PN,1,1,0,0,Ayacucho,45,0,0
U-9sZI7ED4,PN,0,0,0,0,Ayacucho,54,0,0
U-Eb1cQkrm,PN,0,0,0,0,Tacna,48,0,0
U-h0YrDyNQ,PJ,0,0,0,0,Ica,38,0,0
U-oCwgFHY2,PJ,0,1,0,0,Puno,30,0,0
U-BobFxn7Q,PN,0,0,0,0,Ayacucho,44,0,0
U-eC4yIVnF,PN,0,0,0,0,Cuzco,41,0,0
U-iZm9itWk,PN,0,0,0,0,Ancash,54,0,0
U-MmJzAg6w,PN,0,1,0,0,Ayacucho,44,0,0
U-SjeoCxNM,PN,0,0,0,0,Arequipa,53,0,0
U-VTFo6X1q,PJ,0,1,0,1,Cuzco,59,0,0
U-e81SB900,PN,0,0,0,0,Loreto,24,0,0
U-CFAoLQAs,PN,0,0,0,0,Tumbes,25,0,0
U-PEZnRG6G,PN,0,0,0,0,Ica,34,0,0
U-Y57kNUbJ,PN,0,0,0,0,Tacna,43,0,0
U-Lxbf7xoV,PN,0,0,0,0,Tacna,46,0,1
U-gfaTUn8A,PN,0,0,0,0,Madre de dios,31,0,0
U-mNpAj3dl,PJ,0,0,0,0,Tumbes,32,0,0
U-jSO7UmIG,PN,0,0,0,0,Ica,44,0,0
U-Tz14wqA8,PN,0,0,0,0,Ayacucho,33,0,0
U-bVaNR2O8,PN,0,0,0,0,Cuzco,34,0,0
U-HZ5hMYoi,PN,0,0,0,0,Cuzco,44,0,0
U-M8mgBCDq,PN,0,0,0,0,Tacna,64,0,0
U-JznVy3yf,PN,0,0,0,0,Arequipa,40,0,0
U-ME05ariH,PJ,1,1,0,0,Madre de dios,30,0,0
U-kl5oHqCf,PN,1,0,0,0,Madre de dios,41,0,0
U-YqjmloM4,PN,0,0,0,0,Junin,59,0,0
U-C838t9DP,PJ,0,0,0,0,Ancash,54,0,0
U-mQfPnzRR,PN,0,0,0,0,Puno,34,0,0
U-jBG4kJ7a,PJ,0,0,0,0,Ica,28,0,0
U-wiWoFFif,PN,0,1,0,0,Lima,39,0,0
U-ltAUhoL1,PN,0,0,0,0,Arequipa,63,0,0
U-wEfroe14,PN,0,0,0,0,Tacna,49,0,0
U-FxoEQZKu,PJ,0,0,0,0,Ayacucho,36,0,0
U-bP294uBP,PN,0,0,0,0,Junin,46,0,0
U-WQEzsjFU,PN,0,0,0,0,Junin,61,1,0
U-yRpReHgn,PN,0,1,0,0,Ica,42,0,0
U-hSe9N84I,PJ,0,0,0,0,Loreto,24,0,0
U-XHiIikpQ,PN,0,1,0,0,Arequipa,61,0,0
U-D1DRbhA9,PN,0,0,0,0,Ayacucho,26,0,1
U-pHk9yK6T,PJ,0,0,0,0,Lima,36,0,0
U-ZAk2uzOF,PN,0,0,0,0,Cuzco,46,0,0
U-7omadnIr,PN,0,0,0,0,Ayacucho,33,0,0
U-UyMDvwfz,PN,0,0,0,0,Tacna,41,0,0
U-thiONf0M,PN,0,0,0,0,Cuzco,40,0,0
U-r75YEkdE,PN,0,0,0,0,Tacna,48,0,0
U-uXE4J2Fn,PN,0,0,0,0,Ayacucho,40,0,0
U-syQAKuXR,PN,0,0,0,0,Ancash,45,0,0
U-Nr13MaGV,PN,0,0,0,0,Ayacucho,34,0,0
U-AXh8oYUw,PN,0,0,0,0,Lambayeque,27,0,0
U-iMPDMnRv,PJ,0,0,0,0,Tacna,58,0,0
U-Ry3r4RKh,PJ,0,0,0,1,Tacna,54,0,0
U-MVxBsDJk,PN,0,0,0,0,Puno,64,0,0
U-ol2hmzlK,PN,0,0,0,0,Madre de dios,27,0,0
U-x30IurBV,PN,0,0,0,0,Lima,28,0,0
U-pKsUtR0z,PN,0,0,0,0,Junin,34,0,0
U-4wHY9f2u,PN,0,0,0,0,Ayacucho,31,0,0
U-rdLjcYAS,PN,0,0,0,0,Ica,27,0,0
U-Rn6yvZoz,PN,0,0,0,0,Madre de dios,45,0,0
U-BjvFBFB3,PJ,0,0,0,0,Lima,38,0,0
U-eggwAHxr,PN,0,0,0,0,Loreto,47,0,0
U-ck8HErTD,PN,0,0,0,0,Puno,28,0,0
U-5E6mnuPe,PJ,0,0,0,0,Tacna,28,0,0
U-81DavNlA,PJ,0,0,0,0,Lima,45,0,0
U-At1n1kLE,PN,0,0,0,0,Ica,64,0,0
U-sxLZuOWu,PN,0,0,0,0,Lambayeque,63,0,0
U-OU2fMAGQ,PN,0,0,0,0,Ayacucho,51,0,0
U-OwUM0Dbm,PN,0,0,0,0,Tacna,59,0,0
U-vxV56srT,PN,0,0,0,0,Ayacucho,38,0,0
U-3V4orIlS,PN,0,1,0,0,Lima,35,0,0
U-y8bYPVAu,PJ,0,0,0,0,Lambayeque,49,0,0
U-1S024T3S,PJ,0,0,0,0,Junin,26,0,0
U-OmmWujEi,PN,0,0,0,0,Tumbes,33,0,0
U-PAVdVZ6e,PN,0,0,0,0,Tacna,63,0,0
U-2r9GPN83,PN,0,0,0,0,Lambayeque,41,0,0
U-1zKGsNbz,PJ,0,0,0,0,Lima,46,0,0
U-fmKIS11E,PN,0,0,0,0,Junin,54,0,0
U-aBEJUhqV,PJ,0,0,0,0,Tumbes,36,0,0
U-n3tjMktA,PJ,0,0,0,0,Junin,30,0,0
U-SpApRFQb,PN,0,0,0,0,Ica,29,0,0
U-lEkGA3It,PJ,0,0,0,0,Lima,52,0,0
U-WZgstjXJ,PN,0,0,0,0,Tacna,23,0,0
U-AcdoZKjA,PJ,0,0,0,0,Tacna,24,0,0
U-ulQg23NZ,PN,0,0,0,0,Arequipa,48,0,0
U-p8FJDLzw,PJ,0,0,0,0,Ayacucho,63,0,0
U-cF80BK1M,PN,0,0,0,0,Puno,23,0,0
U-8ECeAkYa,PJ,0,0,0,0,Tacna,47,0,0
U-ePAAjcaa,PN,0,0,0,0,Cuzco,35,0,0
U-5tgozFnv,PN,0,0,0,0,Lambayeque,43,0,0
U-43V5HZij,PN,1,0,0,0,Junin,31,0,0
U-k8wvV6J2,PN,0,0,0,0,Lima,49,0,0
U-4fjB94mo,PN,0,0,0,0,Junin,58,0,0
U-4ENkFDOM,PN,0,0,0,0,Puno,64,0,0
U-5rQuOFg2,PN,0,0,0,0,Madre de dios,37,0,0
U-LJ0EmfE6,PN,0,0,0,0,Puno,58,0,0
U-O6zub8gU,PN,0,0,0,0,Ancash,53,0,0
U-IgFmHGH6,PN,0,0,0,0,Puno,54,0,0
U-uyc13qpN,PN,0,0,0,0,Lima,43,0,1
U-9waRnzLv,PN,1,0,0,0,Ica,34,0,0
U-hPFP6SZF,PN,0,0,0,0,Tumbes,31,0,0
U-hsSsPmtL,PN,0,0,0,0,Ancash,36,0,0
U-Z08VP8HO,PN,0,1,0,0,Tacna,41,0,0
U-tkVFPbr8,PN,0,0,0,0,Loreto,52,0,0
U-VIuT91KM,PJ,1,0,0,0,Loreto,40,0,0
U-lJSgqMHS,PJ,0,0,0,0,Tacna,48,0,0
U-59PCQOnk,PN,1,0,0,0,Ica,49,0,0
U-lMFKz5QS,PN,0,0,0,0,Ica,47,0,0
U-WnEYDyi6,PJ,0,0,0,0,Puno,56,0,0
U-EJQqMEFG,PN,0,0,0,0,Tumbes,34,0,0
U-lBx2yl4Q,PN,0,0,0,0,Arequipa,48,0,0
U-qU6UEs10,PN,0,0,0,0,Ancash,58,0,0
U-KtrWJGU2,PJ,0,0,0,0,Puno,30,0,0
U-1QgvlDWO,PJ,0,0,0,0,Cuzco,54,0,0
U-WRFh78DC,PN,0,0,0,0,Loreto,45,0,0
U-ncaH9LF4,PN,0,0,0,0,Ayacucho,43,0,0
U-3Fl8evPT,PN,0,0,0,0,Lima,23,0,0
U-9m73J5tf,PJ,0,0,0,0,Ayacucho,46,0,0
U-yZOPzss7,PN,0,0,0,0,Tacna,43,0,0
U-OJCMTBWQ,PN,0,0,0,0,Puno,45,0,0
U-HQjV6gR8,PN,0,0,0,0,Junin,53,0,0
U-5GA85Omd,PN,0,0,0,0,Lima,59,0,0
U-VgZUS8Pl,PN,0,0,0,0,Lambayeque,36,0,0
U-O29lsaMk,PN,0,0,0,0,Ancash,53,0,0
U-43ne1RZP,PN,0,1,0,0,Puno,60,0,0
U-g3VQaTD7,PN,0,0,0,0,Loreto,39,0,0
U-eisEjgg9,PJ,0,0,0,0,Tacna,58,0,0
U-ePu5UJwe,PN,0,0,0,0,Ica,39,0,0
U-HzCNWdIv,PN,0,0,1,0,Loreto,53,0,0
U-flDuqfYo,PN,0,0,0,0,Madre de dios,52,0,0
U-WDJuoeae,PN,0,0,0,0,Puno,52,0,0
U-MXuhMLgG,PN,0,0,0,0,Tumbes,40,0,0
U-UCIN4NCe,PN,1,0,0,0,Puno,33,0,0
U-gxsDzVeL,PN,0,0,0,0,Puno,55,0,0
U-0jdFE49g,PN,0,0,0,0,Madre de dios,31,0,0
U-9T29NskC,PN,0,0,0,0,Lima,62,0,0
U-GKxLMDNw,PN,0,0,0,0,Puno,23,0,0
U-YDm8rArN,PJ,0,0,0,0,Cuzco,64,1,0
U-9r5iaXtf,PN,0,0,0,0,Ayacucho,33,0,0
U-GhDiepTG,PN,0,0,0,0,Junin,31,0,0
U-AM6vQwx0,PN,0,0,0,0,Lambayeque,49,0,0
U-M9WyTOTq,PN,0,0,0,0,Ancash,37,0,0
U-uHnSyuLS,PN,0,0,0,0,Arequipa,39,0,0
U-k01P4c9F,PJ,0,1,0,0,Tumbes,27,0,0
U-B5I16LNG,PJ,0,0,0,0,Ica,39,0,0
U-YJL3rXfb,PN,0,0,0,0,Madre de dios,33,0,0
U-khoZs3zM,PN,0,1,0,0,Lambayeque,29,0,0
U-JgLxFR6H,PN,0,0,0,0,Loreto,50,0,0
U-liF3aYJ3,PN,0,0,0,0,Ica,60,0,0
U-vxB4G0gP,PN,0,0,0,0,Junin,24,0,0
U-ocZIx9iz,PN,0,0,0,0,Madre de dios,38,0,0
U-0K3kGnU9,PN,0,0,0,0,Puno,53,0,0
U-VGd7eYNC,PN,0,0,0,0,Ayacucho,62,0,1
U-dN0X1GXR,PN,0,0,0,0,Tacna,28,0,0
U-gSxCVTEX,PN,0,0,0,0,Ica,60,0,0
U-uuSqMrIG,PJ,0,1,0,0,Ica,25,1,0
U-IO7P6Mbg,PN,0,0,0,0,Lambayeque,33,0,0
U-X1Njp1mq,PN,0,0,0,0,Loreto,58,0,0
U-V4VE7vZV,PN,0,1,0,0,Madre de dios,30,0,0
U-OeQw3xSk,PN,0,0,0,0,Lima,47,0,0
U-89I7nxgX,PN,0,0,0,0,Cuzco,33,0,1
U-QgNcIct3,PN,0,0,0,0,Madre de dios,61,0,0
U-s3CauRrJ,PN,0,0,0,0,Junin,62,0,0
U-22IESsMk,PN,0,0,0,0,Ayacucho,54,0,1
U-L3wnGigK,PN,0,0,0,0,Junin,51,0,0
U-xbpzRJor,PN,0,0,0,0,Lambayeque,42,0,0
U-zufy0SGE,PJ,0,1,0,0,Ayacucho,57,0,0
U-fn4quCbY,PN,0,0,0,0,Cuzco,39,0,0
U-8EsNXqMc,PN,0,0,0,0,Tumbes,32,0,0
U-KbCdoCcb,PN,0,0,0,0,Tumbes,40,0,0
U-7AADwlId,PN,0,0,0,0,Puno,48,0,0
U-nJydX271,PN,0,0,0,1,Lima,39,0,0
U-tHPwaxhv,PN,0,0,0,0,Arequipa,23,0,0
U-Zoctic8P,PN,0,0,0,0,Ica,31,0,0
U-KAh4yvEn,PJ,0,0,0,0,Ancash,57,0,0
U-aooogFx6,PJ,0,0,0,0,Puno,29,0,0
U-6usBZm4z,PN,0,0,0,0,Junin,48,0,0
U-qunVpNGc,PN,0,0,0,0,Madre de dios,37,0,0
U-bYVZa8Jp,PJ,0,0,0,0,Tumbes,24,0,0
U-8bvZxj4g,PN,0,0,0,0,Junin,56,0,0
U-TFtaiURq,PN,0,0,0,0,Ayacucho,48,0,0
U-2XmcLAXp,PJ,0,0,0,0,Loreto,23,0,0
U-Js2EVoiz,PN,0,0,0,0,Tacna,40,0,0
U-Dt9ll29v,PN,0,0,0,0,Arequipa,27,0,0
U-GmdxiyS4,PN,0,0,0,0,Lambayeque,26,0,0
U-MdWb1lNX,PJ,0,0,0,0,Tacna,55,0,0
U-5og7jHrY,PJ,0,1,0,0,Tumbes,63,0,0
U-IvfiDFzK,PN,0,0,0,0,Loreto,26,0,0
U-upla5S6W,PN,0,0,0,0,Cuzco,37,0,0
U-MINSzKYA,PN,0,0,0,0,Loreto,26,0,0
U-CREDqjju,PN,0,0,0,0,Ancash,53,0,0
U-fHUSLjbr,PN,1,0,0,0,Ayacucho,35,0,0
U-jwimgORo,PN,0,0,0,0,Ica,46,1,0
U-7I2gjiQK,PN,0,0,0,0,Lambayeque,34,0,0
U-cDHRaotj,PN,0,0,0,0,Tumbes,35,0,0
U-J9yJLbq2,PN,0,0,0,0,Lambayeque,39,0,0
U-CfxZjzLM,PN,0,0,0,0,Ica,41,0,0
U-ep7LB4te,PJ,0,0,0,0,Tacna,23,0,0
U-lUh8lrc3,PN,0,0,0,0,Ayacucho,28,0,0
U-e76Kh4Xq,PN,0,1,0,0,Junin,24,0,0
U-v5EXcNjH,PN,0,0,0,0,Ayacucho,36,0,0
U-n4XkHlbr,PN,0,0,0,0,Puno,34,0,0
U-rNLp73cq,PN,0,0,0,0,Loreto,26,0,0
U-ggfx1XvI,PN,0,0,0,0,Cuzco,37,0,0
U-ybKsJ2iA,PN,0,0,0,0,Tumbes,36,0,0
U-CnYcdZRi,PN,0,0,0,0,Loreto,37,0,0
U-BUlM8tTN,PJ,0,0,0,0,Ayacucho,51,0,0
U-6tTkM4Y7,PN,0,0,0,0,Arequipa,63,0,0
U-sSALCPGD,PN,0,0,0,0,Cuzco,33,0,0
U-SlBb5F4u,PN,0,0,0,0,Puno,23,0,0
U-35f8nhjH,PN,0,0,0,0,Junin,63,0,0
U-sEoK5Isu,PN,0,0,0,0,Tacna,49,0,0
U-RJEKxAvc,PJ,0,0,0,0,Madre de dios,57,0,0
U-0Qu5ObAF,PJ,0,0,0,0,Tumbes,55,0,0
U-9wYlWnbN,PN,0,0,0,0,Madre de dios,25,0,0
U-PXVkR8kg,PN,0,0,0,0,Puno,46,0,0
U-KKlWZoNV,PN,0,0,0,0,Arequipa,53,0,0
U-VT42ZoeJ,PN,0,0,0,0,Ancash,43,0,0
U-27YshtNM,PN,0,0,0,0,Ancash,34,0,0
U-H8JdbC2r,PN,0,0,0,0,Tumbes,55,0,0
U-rKuSAqDg,PN,0,0,0,0,Ancash,55,0,0
U-urfKLZU4,PN,1,0,0,0,Tumbes,62,0,0
U-0b4N5jUa,PJ,0,0,0,0,Madre de dios,60,0,0
U-NQuGA7xs,PN,0,0,0,0,Junin,52,0,0
U-E0FFj3Zb,PN,1,0,0,0,Tacna,37,0,0
U-gHhmBKyh,PN,0,1,0,0,Ayacucho,43,0,0
U-iAnqTGJj,PN,0,0,0,0,Ancash,41,0,0
U-977T1RLh,PN,0,0,0,0,Ica,32,0,0
U-Kfyx2kdh,PN,0,0,0,0,Ancash,31,0,0
U-Xq9Yf3d2,PN,0,1,0,0,Tumbes,32,0,0
U-LP9xfUNb,PJ,0,0,0,0,Lima,45,0,0
U-WTLbs1hs,PN,0,0,0,0,Lambayeque,39,0,0
U-ZfKE0r0Y,PN,0,0,0,0,Cuzco,35,0,0
U-Gw73qkAA,PN,0,0,0,0,Tumbes,32,0,0
U-YOpC811k,PN,0,0,0,0,Lima,60,0,0
U-DwedZyiH,PN,0,0,0,0,Puno,44,0,0
U-e7ImCHNq,PJ,0,0,0,0,Lambayeque,40,0,0
U-kAXqJMOd,PN,0,1,0,0,Tumbes,23,0,0
U-1hd8fY3M,PJ,0,0,0,0,Junin,39,0,0
U-vGDGgKER,PN,0,0,0,0,Ayacucho,62,0,0
U-Cus6XDc4,PN,1,0,0,0,Loreto,43,0,0
U-AdGJTs3w,PJ,0,0,0,0,Tumbes,27,0,0
U-vhQTxI6s,PN,0,0,0,0,Junin,64,0,0
U-wpbscY6q,PN,0,0,0,0,Tacna,38,0,0
U-3Q6Fbk3W,PJ,0,0,0,0,Ica,27,0,0
U-j9DChj2P,PN,0,1,0,0,Madre de dios,54,0,0
U-xNx5snhF,PJ,0,1,0,0,Madre de dios,64,0,0
U-jOsMLmzP,PN,0,0,0,0,Tacna,28,0,0
U-xwLReiAi,PN,0,0,0,0,Ancash,42,0,0
U-YjaQMWAX,PN,0,0,0,0,Loreto,48,0,0
U-N63yEQrt,PN,0,0,0,0,Ancash,25,0,0
U-BNCbeg1h,PN,1,0,0,0,Arequipa,30,0,0
U-NHYopeto,PJ,0,0,0,0,Ayacucho,63,0,0
U-KM3A2CNC,PN,1,1,0,0,Tumbes,47,0,0
U-OiiRFv55,PJ,0,0,1,0,Tumbes,48,0,0
U-LhWOAA0m,PN,0,0,0,0,Arequipa,41,0,0
U-AmzosWz8,PN,0,0,0,0,Puno,54,0,0
U-sFZBRHL0,PN,0,0,0,0,Lambayeque,36,0,0
U-pRae9PvR,PJ,0,0,0,0,Lima,58,0,0
U-abj3x2rU,PN,0,0,0,0,Tumbes,51,0,0
U-EMEEyne1,PN,0,1,0,0,Loreto,27,0,0
U-SJpKM427,PN,0,0,0,0,Loreto,54,0,0
U-H93knPzX,PN,0,0,0,0,Tumbes,42,0,0
U-er7KGpkw,PN,0,0,0,0,Ayacucho,37,0,0
U-kq0iGLWr,PN,0,0,0,0,Tumbes,49,0,0
U-V2BOd2FC,PN,0,0,0,0,Lambayeque,56,0,0
U-BXRrmVRY,PN,0,0,0,0,Ayacucho,57,0,0
U-vemvQiri,PN,0,0,0,0,Ayacucho,53,0,0
U-IAHCAu87,PN,0,0,0,0,Cuzco,31,0,0
U-CJcJoZvU,PN,0,0,0,0,Ancash,63,0,0
U-AXQodGlD,PJ,0,0,0,0,Tacna,23,0,0
U-xx3JoLsM,PN,0,0,0,0,Puno,48,0,0
U-XlrD388W,PN,0,0,0,0,Ica,34,0,0
U-lt6bQmyK,PJ,0,0,0,0,Lambayeque,51,0,0
U-TDDn86fv,PJ,0,0,0,0,Junin,26,0,0
U-Ji0vzoQX,PJ,0,0,0,0,Madre de dios,50,0,0
U-Xh520HKM,PN,0,0,0,0,Puno,55,0,0
U-7bfEKLpV,PJ,0,0,0,0,Tacna,57,0,0
U-ydXGn4Km,PJ,0,0,0,0,Lima,64,0,0
U-9WVV50wV,PN,0,0,0,0,Ancash,25,0,0
U-EuN7Z3ca,PN,0,0,0,0,Tumbes,49,0,0
U-exgT9kf8,PN,0,0,0,0,Tacna,39,0,0
U-OOrkhjuD,PN,0,0,0,0,Ica,33,0,1
U-RbpBzRPc,PJ,0,0,0,0,Tumbes,41,0,0
U-xAVypHd1,PN,0,0,0,0,Ancash,43,0,0
U-M3k4j5tA,PN,0,0,0,0,Ica,63,0,0
U-ASIfncFz,PN,0,0,0,0,Tacna,64,0,0
U-9dw6nV0B,PJ,0,0,0,0,Ica,36,0,0
U-6OMNkUtA,PN,0,0,0,0,Lambayeque,59,0,0
U-zgyH16Xd,PN,1,0,0,0,Lima,54,0,0
U-GjDnlZpX,PN,0,0,0,0,Lambayeque,29,0,0
U-eDE6nM9t,PN,0,0,0,0,Madre de dios,24,0,0
U-RmTHfh1e,PJ,0,0,0,0,Ancash,26,0,0
U-bReG5PrA,PN,0,0,0,0,Puno,30,0,0
U-p6KHr6ks,PN,0,0,0,0,Ayacucho,27,0,0
U-OW0QyzcB,PJ,0,0,0,0,Ancash,64,0,0
U-6I74h6eA,PN,0,0,0,0,Ica,41,0,0
U-jqpZla72,PN,0,0,0,0,Lambayeque,49,0,0
U-6q1AA8NJ,PN,0,0,0,0,Junin,43,0,0
U-6p8aw9Ls,PN,0,1,0,0,Arequipa,28,0,0
U-sltukuUm,PN,0,1,0,0,Ancash,39,0,0
U-H0bgMGVR,PN,0,0,0,0,Tacna,52,0,0
U-JFuBic0G,PJ,0,0,0,0,Tacna,54,0,0
U-HDhmXD68,PJ,0,0,0,0,Junin,25,0,0
U-opeHMurR,PN,0,0,0,0,Tacna,27,0,0
U-K0DLhW8L,PN,0,0,0,0,Loreto,61,0,0
U-pzI6ifco,PN,0,0,0,0,Arequipa,24,0,0
U-ygq8t8wH,PN,0,0,0,0,Lima,51,0,0
U-7n2nmGzL,PN,0,0,0,0,Ica,25,0,0
U-YKytKpEi,PJ,0,0,0,0,Arequipa,42,0,0
U-HNcMmoYO,PN,0,0,0,0,Cuzco,27,0,0
U-m1AH5yTo,PN,0,0,0,0,Junin,29,0,0
U-fUlMFhyz,PN,0,0,0,0,Tacna,27,0,0
U-hohdperO,PN,0,1,0,0,Tumbes,38,0,0
U-ct91nnch,PN,0,0,0,0,Loreto,64,0,1
U-pjqEUKNU,PN,0,0,0,0,Cuzco,41,0,0
U-wYfAlpGs,PN,0,0,0,0,Ica,30,0,0
U-aPv2LlEN,PJ,0,0,0,0,Lambayeque,25,0,0
U-fghmCLCu,PN,0,0,0,0,Loreto,44,0,1
U-3i7emoVT,PN,0,0,0,0,Arequipa,40,0,0
U-IsNnBFAL,PN,0,0,0,0,Lambayeque,38,0,0
U-wWq3vHYt,PN,0,0,0,0,Loreto,31,0,0
U-gtQbNJvb,PN,0,0,0,0,Cuzco,27,0,0
U-iru9UlaL,PN,0,0,0,0,Ayacucho,51,0,0
U-lXVCb7LR,PN,0,0,0,0,Tacna,41,0,0
U-ssKDYyhq,PN,0,0,0,0,Lambayeque,47,0,0
U-XG8r4p8W,PN,0,0,0,0,Ancash,40,0,0
U-tysQZcKS,PN,0,0,0,0,Cuzco,50,0,0
U-oZpMhsDy,PN,0,0,0,0,Ayacucho,43,0,0
U-uI6S6Yup,PN,0,0,0,0,Tacna,47,0,0
U-OdMbYxes,PN,0,0,0,0,Loreto,39,1,0
U-HI9ART1W,PN,0,0,0,0,Lima,31,0,0
U-AFPHMNkp,PN,0,0,0,0,Tumbes,23,0,0
U-kM8zKbGY,PJ,1,0,0,0,Tacna,29,0,0
U-IrnvOahG,PN,0,0,0,0,Tumbes,36,0,0
U-4rUAHoWt,PN,0,0,0,0,Madre de dios,48,0,0
U-QphghTud,PN,0,0,0,0,Arequipa,33,0,0
U-Bh279iIw,PJ,0,1,0,0,Ayacucho,62,0,0
U-qQkr76sa,PN,0,0,0,0,Tacna,41,0,0
U-WcTRMOHY,PN,0,0,0,0,Lambayeque,32,0,0
U-RXopW16B,PN,0,1,0,0,Arequipa,27,0,0
U-LL22HKBz,PN,0,0,0,0,Cuzco,58,0,0
U-Maa0k4rz,PN,0,1,0,0,Tumbes,51,0,0
U-1fI6JdVH,PJ,0,0,0,0,Arequipa,58,0,0
U-jxL6srk7,PJ,0,0,0,0,Tacna,58,0,0
U-IF8o3qRF,PJ,0,0,0,0,Loreto,27,0,0
U-EaPErZEj,PJ,0,0,0,0,Junin,62,0,0
U-1a1TuPym,PN,0,0,0,0,Lima,64,0,0
U-iwoYTvc6,PJ,0,0,0,0,Tumbes,47,0,0
U-6vM8s5Gx,PJ,0,0,0,0,Lima,42,0,0
U-HhriENVo,PN,0,1,0,0,Puno,52,0,0
U-c2i1WxDa,PN,0,0,0,0,Ayacucho,27,0,0
U-w4vrNKLp,PN,0,1,0,0,Loreto,26,0,0
U-lfRjbwoH,PN,0,0,0,0,Madre de dios,23,0,0
U-KJ4ULAg6,PJ,0,1,0,0,Ica,61,0,0
U-mq5t1Y8g,PN,0,0,0,0,Tumbes,29,0,0
U-VfkqRvmy,PN,0,0,0,0,Tumbes,48,0,0
U-8MkBmeVr,PJ,0,0,0,0,Tacna,43,0,0
U-bGwHJfkq,PJ,0,0,0,0,Lambayeque,58,0,0
U-iwutOaCU,PJ,0,1,0,0,Tacna,35,0,0
U-TRZsnD0d,PJ,0,0,0,0,Tacna,44,1,0
U-GA6T42Oj,PN,0,0,0,0,Puno,46,0,0
U-ORKp5Xix,PN,0,0,0,0,Lambayeque,34,0,0
U-J8qaT1vH,PN,0,0,0,0,Lima,51,0,0
U-8dirXo2M,PJ,0,0,0,0,Lambayeque,60,0,0
U-0CBzyskp,PJ,0,0,0,0,Cuzco,23,0,0
U-nxnviZbD,PN,0,0,0,0,Ica,28,0,0
U-qqQGpDtq,PN,0,0,0,0,Madre de dios,37,0,0
U-sMycRFyR,PN,0,0,0,0,Ica,23,0,0
U-1b0WPxT5,PN,0,0,0,0,Arequipa,31,0,0
U-gv11Ljiz,PN,0,0,0,0,Madre de dios,46,0,0
U-nRBm6tYM,PN,0,0,0,0,Ancash,41,0,0
U-6arEEjsA,PN,0,1,0,0,Tacna,61,0,0
U-OjI5YEsb,PN,0,0,0,0,Ayacucho,33,0,0
U-DOQghd6N,PN,0,0,0,0,Junin,32,0,0
U-cE2HFOYE,PN,0,0,0,0,Cuzco,56,0,0
U-Haj3NX7R,PJ,0,0,0,0,Ica,42,0,0
U-yxhDStUa,PN,0,0,0,0,Madre de dios,39,0,0
U-0WDDEoTK,PN,0,0,0,1,Ayacucho,53,0,0
U-bxk6uwBr,PN,0,0,0,0,Arequipa,41,0,0
U-50FXOJRb,PJ,0,0,0,0,Tumbes,34,0,0
U-4XCqSMfR,PN,0,0,0,0,Puno,24,0,0
U-ObzKE3qn,PN,0,0,0,0,Lima,30,1,1
U-ATlCimSw,PN,0,0,0,0,Puno,37,0,0
U-rSz1gGJe,PN,0,0,0,0,Lambayeque,36,0,0
U-fq04vjtE,PN,0,0,0,0,Junin,35,0,0
U-43EVYTiq,PN,0,0,0,0,Ayacucho,57,0,0
U-tpQMaX45,PN,0,0,0,0,Tacna,30,1,0
U-Afyqoh0u,PJ,0,0,0,0,Tumbes,47,0,0
U-ualJke64,PJ,0,0,0,1,Arequipa,32,0,0
U-BkCVdDA5,PN,1,0,0,0,Lima,54,0,0
U-erdQbyWB,PN,0,0,0,0,Loreto,58,0,0
U-X0Z2MrpO,PN,0,0,0,0,Ancash,24,0,0
U-Wy0pHzHC,PJ,0,0,0,0,Tumbes,33,0,0
U-ilIpaBQJ,PN,0,0,0,0,Tumbes,32,0,0
U-DsbGPH0U,PJ,0,0,0,0,Ayacucho,36,0,0
U-SIPn4hqo,PN,1,0,0,0,Tacna,46,1,0
U-bVVvhGiM,PN,0,1,0,0,Ancash,64,0,0
U-9fTRYfVP,PN,0,0,0,0,Puno,48,0,0
U-o0Q3aE1S,PJ,0,0,0,0,Arequipa,38,0,0
U-Rg7Hp1tp,PN,0,0,0,0,Ancash,56,0,0
U-yLkcpMzw,PN,0,0,0,0,Tacna,29,0,0
U-KkPXuKPE,PN,1,0,0,0,Ica,31,0,0
U-oiQPsUvC,PJ,0,0,0,0,Ancash,32,0,0
U-37wOSaB6,PJ,0,0,0,0,Puno,29,0,0
U-tT7l49Lp,PN,0,0,0,0,Cuzco,59,0,0
U-C9jJ3lOb,PN,0,0,0,0,Puno,43,0,0
U-EtG4yyUD,PN,0,1,0,0,Tacna,25,0,0
U-F7wdMg9G,PN,0,0,0,0,Lima,23,0,0
U-h65vWmdp,PJ,0,0,0,0,Ayacucho,55,0,0
U-Oq2thhe2,PN,0,0,0,0,Puno,62,0,0
U-eeuFo7rF,PJ,0,0,0,1,Arequipa,52,0,0
U-wMLegDr0,PJ,0,0,0,0,Arequipa,29,0,0
U-z8ixqxTz,PN,0,0,0,0,Ancash,30,0,0
U-Z6YSbrf7,PJ,0,0,0,0,Cuzco,32,0,0
U-jnGAknYt,PN,0,0,0,0,Tumbes,53,0,0
U-U7Y5FVZY,PN,0,0,0,0,Puno,52,0,0
U-XPGnhNap,PN,0,0,0,0,Ayacucho,49,0,0
U-1wI3xiw5,PN,0,0,0,0,Ayacucho,43,1,0
U-VY8R7il5,PJ,0,0,0,0,Ancash,44,0,0
U-cJo7i3AJ,PJ,0,0,0,0,Madre de dios,30,0,0
U-K2d0GJvJ,PJ,0,0,0,0,Ancash,51,1,0
U-q38GhjxS,PN,0,1,0,0,Ayacucho,28,0,0
U-NLGPP2xy,PN,0,0,0,0,Cuzco,51,0,0
U-iO84CkAR,PN,0,1,0,0,Cuzco,58,0,0
U-Y8CLdQTS,PN,0,0,0,0,Junin,59,0,0
U-Q3CkquKR,PN,0,0,0,0,Puno,25,0,0
U-LOyQshgS,PJ,0,0,0,0,Puno,63,0,0
U-dEw6WTZG,PN,0,0,0,0,Tacna,46,0,0
U-eZYMoGxJ,PN,0,1,0,0,Junin,28,0,0
U-p1TkxS0F,PJ,0,0,0,0,Cuzco,34,0,0
U-2Mhjh1c8,PN,0,0,0,0,Puno,47,0,0
U-X3LwrTgi,PN,0,0,0,0,Arequipa,64,0,0
U-ib79O7QQ,PJ,0,0,0,0,Lima,26,0,0
U-VxCWS0em,PN,0,0,0,0,Ica,59,0,0
U-4eMHxHHf,PN,0,0,0,0,Puno,52,0,0
U-2waDTEtC,PN,0,0,0,0,Ayacucho,59,0,0
U-AX9wvENq,PJ,0,0,0,0,Cuzco,62,0,0
U-pa0am74j,PN,0,0,0,0,Lambayeque,25,0,0
U-ceV7gCqJ,PN,0,0,0,0,Ancash,55,0,0
U-a6SqfMl6,PN,0,0,0,0,Lambayeque,26,0,0
U-YRRg3bk3,PN,0,0,0,0,Cuzco,45,0,0
U-d9wR2TmU,PN,0,0,0,0,Arequipa,51,0,0
U-gC4bDDnn,PN,0,0,0,0,Ayacucho,29,0,0
U-2wsClCGp,PJ,0,0,0,0,Ica,23,0,0
U-i6qVi0za,PN,0,0,0,0,Cuzco,46,0,0
U-dDaA69qy,PN,0,1,0,0,Lambayeque,32,0,0
U-z6U5qkFA,PN,0,0,1,0,Puno,38,0,0
U-OzRy57mo,PN,0,0,0,0,Ayacucho,26,0,0
U-ZkhadtDm,PN,0,0,0,0,Ica,41,0,0
U-tERstSSK,PN,0,1,0,0,Tacna,27,0,0
U-mZmXBGgt,PN,0,0,0,0,Puno,24,0,0
U-F8Kcgz4c,PN,0,0,0,0,Loreto,27,0,0
U-CR2QN5vP,PN,0,0,0,0,Junin,43,0,0
U-8LulxP5a,PN,0,0,0,0,Ica,56,0,1
U-njalm4aE,PN,0,0,0,0,Arequipa,25,0,0
U-pSsZx7dO,PJ,0,0,0,0,Tumbes,38,0,0
U-NH3gd2gh,PN,0,0,0,0,Lima,55,1,0
U-UCIHrNfI,PN,0,0,0,0,Junin,28,0,0
U-SEodqnbR,PN,0,0,0,0,Ica,38,0,0
U-vV7DfnuU,PN,0,0,0,0,Puno,34,1,0
U-YsPcF6zR,PN,0,0,0,0,Tacna,38,0,0
U-ad4sbNUE,PN,0,0,0,0,Tumbes,24,0,0
U-wt1hbZ0R,PJ,0,0,0,0,Tacna,58,0,0
U-q2GCrZpA,PN,0,0,0,0,Puno,55,0,0
U-KDtfnvC7,PN,0,0,0,0,Arequipa,51,0,0
U-d51qTJTW,PN,0,0,0,0,Tumbes,42,0,0
U-E5gNO9iK,PN,0,0,0,0,Puno,36,0,0
U-DNU5xg0a,PN,0,0,0,0,Tumbes,24,0,0
U-mKD39Q0j,PN,0,0,0,0,Tacna,26,0,0
U-YXOxMEQQ,PN,0,0,0,0,Arequipa,23,0,0
U-AxscjMVj,PN,0,0,0,1,Loreto,59,0,0
U-bnKwpdWU,PN,0,0,0,0,Cuzco,47,0,0
U-rjT6LIb3,PN,0,0,0,0,Ica,56,0,0
U-C3xpOOHM,PN,0,0,0,0,Madre de dios,62,0,0
U-4NhXfYPK,PN,0,0,0,0,Madre de dios,24,0,0
U-hgNa9V5P,PN,0,1,0,0,Ayacucho,45,0,0
U-6vBOB361,PN,0,1,0,0,Cuzco,32,0,0
U-73xWw9le,PN,0,0,0,0,Ancash,43,0,0
U-iu5stQ74,PN,0,0,0,0,Madre de dios,52,0,0
U-WYof6e9w,PJ,0,0,0,0,Arequipa,48,0,0
U-JU9cjlHs,PN,0,0,0,0,Tacna,59,0,0
U-3Z6geSSR,PN,0,0,0,0,Tumbes,45,0,0
U-Z5My43Bs,PJ,0,0,0,0,Tacna,28,0,0
U-h6RiElKj,PN,1,0,0,0,Madre de dios,61,0,0
U-0pnr8Ie1,PN,0,0,0,0,Arequipa,23,0,0
U-noyb2PL7,PN,0,0,0,0,Cuzco,62,0,0
U-krZcvDaK,PN,0,0,0,0,Arequipa,61,0,0
U-aEkTmuwI,PJ,0,0,0,0,Lima,33,0,0
U-t90qO1nm,PJ,0,0,0,0,Junin,38,0,0
U-LFBbf6V5,PJ,0,0,0,0,Arequipa,55,0,0
U-ekgeTdWv,PN,0,0,0,0,Puno,41,0,0
U-yLL4IZUT,PN,0,0,0,0,Arequipa,46,0,0
U-wNAJfLEi,PJ,0,0,0,0,Tacna,26,0,0
U-HZ2ClkU7,PN,0,0,0,0,Ancash,38,0,0
U-O8imNZnn,PN,0,0,0,0,Loreto,39,0,0
U-Y0LB8ubJ,PJ,0,0,0,0,Madre de dios,37,0,0
U-2jirOF3V,PN,0,0,0,0,Tumbes,52,0,0
U-zxmUM3jY,PJ,0,0,0,0,Puno,45,0,0
U-IOe0Mt5m,PN,0,0,0,0,Tumbes,37,0,0
U-js1Bzome,PN,0,1,0,0,Junin,46,0,0
U-4jaYZu3h,PJ,0,0,0,0,Lima,24,0,0
U-yNEEVCHp,PJ,0,0,0,0,Cuzco,41,1,0
U-TA52QGeH,PN,0,0,0,0,Tacna,41,0,0
U-DisFOHGs,PJ,0,0,0,0,Cuzco,23,0,0
U-BxP35Kfu,PN,0,0,0,0,Puno,62,0,0
U-nNIges23,PN,0,0,0,0,Ayacucho,39,0,0
U-XLr3Hb3O,PN,0,0,0,0,Madre de dios,27,0,0
U-0oiOK2sG,PN,0,0,0,0,Loreto,50,0,0
U-HIh5zT8V,PN,0,0,0,0,Tacna,38,1,0
U-NXGVXtpD,PJ,0,0,0,0,Tacna,54,0,0
U-73WuZbcd,PN,0,0,0,0,Puno,59,0,0
U-HjPLHzuX,PN,0,0,0,0,Madre de dios,39,0,0
U-frJkIOrX,PN,0,0,0,0,Lambayeque,64,0,0
U-9eXZqvxK,PN,0,0,0,0,Tacna,58,0,0
U-kgT7TPLw,PN,0,0,0,0,Lambayeque,41,0,0
U-hzbxes1B,PN,0,0,0,0,Tumbes,42,0,0
U-WYdQ3eNw,PN,0,0,0,0,Lambayeque,23,0,0
U-HyoNb7KK,PN,0,0,0,0,Ica,63,0,0
U-biAJGaFt,PJ,0,0,0,0,Ayacucho,40,0,0
U-tFgeOYxr,PJ,1,0,0,0,Junin,31,1,0
U-me0GCYoA,PN,0,0,0,0,Lambayeque,32,0,0
U-uQ15PAvU,PN,0,0,0,0,Lima,55,0,0
U-6a802h1z,PN,0,0,0,0,Junin,40,0,0
U-tBHSH6N1,PN,0,0,0,0,Ica,25,1,0
U-CkanatzH,PN,0,0,0,0,Puno,26,0,0
U-RTTnNwma,PN,0,0,0,0,Ica,61,0,0
U-rSAmsvAv,PN,0,0,0,0,Tacna,30,0,0
U-EzDK0he7,PJ,0,0,0,0,Lima,39,0,0
U-ubciZVXI,PN,0,0,0,0,Arequipa,35,0,0
U-faRoCb6k,PN,0,0,0,0,Lambayeque,49,0,0
U-PwoyAofN,PN,0,0,0,0,Puno,26,0,0
U-9X1HMFBB,PJ,0,0,0,0,Arequipa,31,0,0
U-4dxdO09C,PN,0,0,0,0,Ayacucho,62,0,0
U-XJPCQvAy,PN,0,0,0,0,Ayacucho,51,0,0
U-7qnsZpJC,PN,0,0,0,0,Arequipa,24,0,0
U-IAMU9z1L,PN,0,0,0,0,Tumbes,28,0,0
U-2hbbLZV7,PN,0,0,1,0,Ayacucho,55,0,0
U-ED9uf3Em,PN,0,0,0,0,Ayacucho,24,0,0
U-sB6iHmhu,PN,0,0,0,0,Ayacucho,44,0,1
U-gBAF0T7B,PN,0,1,0,0,Tumbes,46,0,1
U-UhEiRsAq,PN,0,0,0,0,Junin,41,0,0
U-pPYZlkkm,PN,0,0,0,0,Madre de dios,27,0,1
U-2uh5uNDW,PN,0,0,0,0,Lambayeque,35,0,0
U-UYOArRIg,PN,0,0,0,0,Madre de dios,44,0,0
U-rQIhlgUG,PN,1,0,0,0,Tacna,24,0,0
U-eS9eyabJ,PN,0,0,0,0,Ancash,48,0,0
U-vkMpGbk3,PN,0,0,0,0,Ica,29,0,0
U-Pom2Qri3,PN,0,0,0,0,Lambayeque,30,0,0
U-Fifffqek,PN,0,0,0,0,Tumbes,35,0,0
U-k1Kw4rNs,PN,0,1,0,0,Ayacucho,27,0,0
U-7TOnLQmR,PJ,0,0,0,0,Madre de dios,28,0,0
U-2lciIVBt,PN,0,0,0,0,Tacna,58,0,0
U-ZiPMtk9G,PN,0,1,0,0,Cuzco,44,0,0
U-RmrRnw1M,PN,0,0,0,0,Arequipa,34,0,0
U-4EuCSEaS,PN,1,0,0,0,Madre de dios,26,0,0
U-bjTdLUzF,PJ,0,0,0,0,Ica,38,0,0
U-F5krE6pp,PJ,0,0,0,0,Arequipa,54,0,0
U-5ScY23tw,PN,0,0,0,0,Tacna,35,0,0
U-T7oLNEMA,PN,0,0,0,0,Puno,39,0,0
U-M9Vk2ygE,PN,0,1,0,0,Madre de dios,57,0,0
U-3C5nu1Rx,PN,0,0,0,0,Tacna,51,0,0
U-NPy0KDXZ,PN,0,0,0,0,Arequipa,36,0,0
U-Qjiz80Kj,PN,0,0,0,0,Arequipa,26,0,0
U-n0hkjmhm,PN,0,0,0,0,Puno,56,0,0
U-5SDWj9v8,PN,0,0,0,0,Cuzco,37,0,0
U-gdvU1zgI,PN,0,0,0,0,Ica,25,0,0
U-zLmEh1ki,PJ,0,0,0,0,Cuzco,49,0,0
U-DjIIcPMZ,PN,0,0,0,0,Lima,27,0,0
U-z8iCX4H9,PJ,0,0,0,0,Loreto,28,0,0
U-opJHnsTb,PN,1,0,0,0,Puno,32,0,0
U-dC9zmdfK,PN,0,0,0,0,Loreto,29,0,0
U-9xgaBhfR,PN,0,0,0,0,Tacna,30,0,0
U-FSSKQY8i,PN,0,0,0,0,Madre de dios,27,0,0
U-BRCJY83v,PN,0,0,0,0,Junin,39,0,0
U-krBVmZSc,PN,0,0,0,0,Madre de dios,30,0,0
U-Bg1ikxpg,PN,0,1,0,0,Tumbes,48,0,0
U-4jQ2HDX1,PN,0,0,0,0,Arequipa,55,0,0
U-5cp8YvIp,PN,0,0,0,0,Madre de dios,40,0,0
U-hKzKzR1J,PN,0,0,0,0,Puno,32,0,0
U-zO8BlHuO,PN,0,0,0,0,Tacna,40,0,0
U-zgvt6zSX,PN,0,0,0,0,Tacna,32,0,0
U-qf1ejivn,PN,0,0,0,0,Lima,36,0,0
U-Nv9cV5De,PN,0,0,0,0,Ayacucho,64,0,0
U-ZfxpCdDS,PJ,0,0,0,0,Tumbes,29,0,0
U-Hymv3iNg,PJ,0,0,0,0,Puno,42,0,0
U-Eh3OO9PT,PN,0,0,0,0,Lambayeque,34,0,0
U-8QjYh3Vy,PN,0,0,0,0,Ica,57,0,0
U-UmqkEBTL,PN,0,0,0,0,Ayacucho,33,0,0
U-DyLZdoCu,PN,0,0,0,0,Loreto,30,0,0
U-i8szQRYG,PN,0,0,0,0,Loreto,41,0,0
U-a8TAKjQz,PJ,0,0,0,0,Ancash,27,0,0
U-fie2mEgo,PN,0,0,0,0,Madre de dios,25,0,0
U-qs3Y8CuC,PN,0,0,0,0,Lima,55,0,0
U-a0SPMciY,PN,0,0,0,0,Loreto,57,0,1
U-SRYKeglO,PN,0,0,0,0,Tumbes,61,0,0
U-xZWJeioP,PN,0,0,0,0,Ica,49,0,0
U-pM0y2TW4,PN,0,0,0,0,Junin,33,0,0
U-4abFjqAp,PJ,0,0,0,0,Tacna,41,0,0
U-ZxUHntJf,PN,0,0,0,0,Junin,41,0,0
U-KhZ8YBgG,PN,0,0,0,0,Arequipa,27,0,0
U-L3gRvR3E,PN,0,0,0,0,Ayacucho,40,0,0
U-FGqn52Pi,PN,0,0,0,0,Cuzco,44,0,0
U-mLzdZtU8,PJ,0,0,0,0,Ancash,49,0,0
U-icxnfXtf,PN,0,0,0,0,Ica,47,0,0
U-NjCtjXtB,PN,0,0,0,0,Ancash,43,0,0
U-DU6bUOb2,PJ,0,1,0,0,Madre de dios,38,0,0
U-xZ0gophb,PJ,0,0,0,0,Junin,33,0,0
U-2OUAcwvZ,PN,0,0,0,0,Ayacucho,43,0,0
U-2P6SabVJ,PJ,0,0,0,0,Lambayeque,31,0,0
U-MALbvJPQ,PN,0,0,0,0,Lima,64,0,0
U-HnO6BZXm,PJ,0,0,0,0,Madre de dios,36,0,0
U-6GIdOwRk,PN,0,0,0,0,Arequipa,57,0,0
U-xIhLTFQ6,PJ,1,0,0,0,Ancash,55,0,0
U-8x02IK9H,PN,0,0,0,1,Junin,28,0,0
U-wLgVL3ym,PN,0,0,0,0,Junin,53,0,0
U-J4LJUKAf,PN,0,0,0,0,Cuzco,32,0,0
U-iXk2o6Rg,PN,0,0,0,0,Cuzco,43,0,0
U-f2Cxp25I,PJ,0,0,0,0,Ayacucho,52,0,0
U-IKoNZYH3,PJ,0,0,0,0,Loreto,27,0,0
U-EBTF3g0f,PN,0,0,0,0,Puno,34,0,0
U-EP35x8UF,PN,0,0,0,0,Tumbes,49,0,0
U-lTFNAxHN,PN,0,0,0,0,Ancash,31,0,0
U-JahrDTQH,PN,0,0,0,1,Ancash,29,0,0
U-xG022dap,PN,0,0,0,0,Arequipa,31,0,0
U-OOe8oPQu,PN,0,0,0,0,Lima,50,0,0
U-fGW7iDI0,PN,0,0,0,0,Ica,44,0,0
U-mKziEfLd,PJ,0,0,0,0,Lima,33,0,0
U-9SWJLnoq,PN,0,0,0,0,Tumbes,39,0,0
U-FU78elPP,PJ,0,1,0,0,Lambayeque,36,0,0
U-iy9CN8v7,PN,0,0,0,0,Lambayeque,26,0,0
U-K56lWfcn,PN,0,0,0,0,Lima,42,0,0
U-o7MttiWc,PN,0,0,0,0,Arequipa,54,0,0
U-uAQPBA88,PN,0,1,0,0,Junin,46,0,0
U-8oWrzSHK,PJ,0,0,0,0,Ica,32,0,0
U-YoZHV0nC,PN,0,0,0,0,Madre de dios,47,0,0
U-SVCnMh3T,PN,0,1,0,0,Ayacucho,35,0,0
U-EVfH0BS2,PN,0,0,0,0,Ancash,43,0,0
U-xVg7yHmd,PN,0,0,0,0,Ica,43,0,0
U-c2VjZrM3,PN,0,0,0,0,Puno,62,0,0
U-Ia5cG6UD,PN,0,0,0,0,Madre de dios,63,0,0
U-vpkVFOj1,PJ,0,0,0,0,Lambayeque,47,0,0
U-DHbuG1g7,PN,0,0,0,0,Tacna,47,0,0
U-Az6jDIDi,PN,0,0,0,0,Tumbes,63,0,0
U-3ccmU41G,PN,0,0,0,0,Tumbes,36,0,0
U-wvgyUw2Q,PJ,0,0,0,1,Tacna,46,0,0
U-2IHN3scT,PN,0,0,0,0,Ancash,55,0,0
U-GiqmP48v,PN,0,0,0,0,Ancash,56,0,0
U-Y54clM4E,PN,0,0,0,0,Tacna,37,0,0
U-2Aia4rMV,PN,0,0,0,0,Loreto,41,0,0
U-ZOgjFO2q,PJ,0,0,0,0,Lambayeque,30,0,0
U-zBWkJctg,PN,0,0,0,0,Madre de dios,36,0,0
U-80k26Tj9,PN,0,0,0,0,Arequipa,61,0,0
U-k1S9wnPM,PN,0,0,0,0,Arequipa,58,0,0
U-5hsNbxkh,PN,0,0,0,0,Puno,61,0,0
U-QXD86fBR,PJ,0,0,0,0,Cuzco,36,0,0
U-5IJ84eSk,PN,0,0,0,0,Puno,54,0,0
U-IsQmXSLM,PJ,0,0,0,0,Puno,29,0,0
U-vglvYXTG,PN,0,0,0,0,Lima,57,0,0
U-gKUeS0yK,PN,0,0,0,0,Ica,23,0,1
U-vZHm3Nww,PN,0,0,0,0,Loreto,50,0,0
U-nhQAq3tL,PN,0,0,0,0,Arequipa,37,0,0
U-c6QfT0Fi,PJ,0,0,0,0,Tumbes,63,0,0
U-lglRpQcb,PN,1,0,0,0,Loreto,49,0,0
U-dDtRZdYa,PJ,0,0,0,0,Junin,27,0,0
U-vWE91roY,PJ,0,0,0,0,Lambayeque,36,0,0
U-Qy76NzuF,PN,0,0,0,0,Loreto,59,0,0
U-zLeOtqjC,PN,0,0,0,1,Cuzco,46,0,0
U-CaWYVAyz,PN,0,0,0,0,Ancash,45,0,0
U-KPzUEZ8W,PJ,0,0,0,0,Lambayeque,34,0,0
U-QZetnpyi,PN,0,0,0,0,Ancash,48,0,0
U-Z7gtIveN,PN,0,0,0,0,Tacna,44,0,0
U-T8FEvbIm,PJ,0,0,0,0,Cuzco,23,0,0
U-giA5s4Rn,PN,0,0,0,0,Arequipa,48,0,0
U-KcvZgBNo,PJ,0,0,0,0,Tacna,34,0,0
U-vsCs8Knh,PN,0,0,0,0,Ancash,28,0,0
U-s4RLlQ7Q,PN,0,0,0,0,Lambayeque,59,0,0
U-7p10sQq6,PJ,0,0,0,0,Madre de dios,62,0,0
U-lU1gPg9P,PJ,0,0,0,0,Puno,49,0,0
U-jLaXI2et,PJ,0,0,0,0,Madre de dios,45,0,0
U-ABkYHR23,PN,0,0,0,0,Lambayeque,37,0,0
U-jTllOf0p,PN,0,0,0,0,Arequipa,35,1,0
U-WkP3Evcb,PN,0,0,1,1,Ayacucho,46,0,0
U-Za9OxajO,PN,0,0,0,0,Junin,57,0,0
U-w41IXqlr,PJ,0,0,0,0,Tumbes,38,0,0
U-0bkzH7lI,PN,0,0,0,0,Puno,37,0,0
U-fwCOr1AT,PN,0,0,0,0,Loreto,25,0,0
U-1l5J5hLd,PJ,0,0,0,0,Tacna,35,0,0
U-oDUaYYng,PN,0,0,0,0,Madre de dios,35,0,0
U-2vFlZ3w6,PN,0,0,0,0,Ayacucho,32,0,0
U-99EwqjpM,PN,1,0,0,0,Tumbes,23,0,0
U-MgImAgcs,PN,0,0,0,0,Ancash,56,0,0
U-E9veRMCH,PN,0,0,0,0,Loreto,48,0,0
U-BK1hcV2s,PN,0,1,0,0,Ica,52,0,0
U-MFMQLwff,PN,0,0,0,0,Puno,37,0,0
U-UO1Pc564,PJ,0,0,0,0,Madre de dios,38,0,0
U-t0GBt775,PN,0,0,0,0,Junin,60,0,0
U-AK1WDhrg,PN,0,0,0,0,Tumbes,29,0,0
U-7SqMZHvK,PN,0,0,0,0,Lambayeque,62,0,0
U-y7J1jv4S,PN,0,0,0,0,Tacna,25,0,1
U-3lO0b9u4,PJ,0,0,0,0,Lima,42,0,0
U-sqHJvggT,PJ,0,0,0,0,Loreto,51,0,0
U-VJPxlhHh,PN,0,1,0,0,Tacna,38,0,0
U-mMweLmhM,PN,0,0,0,0,Lambayeque,46,1,0
U-1u9FYers,PN,0,0,0,0,Lambayeque,47,0,0
U-99vStGmv,PN,0,0,0,0,Junin,48,0,0
U-zpaB4dbF,PN,1,0,0,0,Tumbes,32,0,0
U-5b1GaCF9,PJ,0,0,0,0,Lima,54,0,0
U-3Vo5q5Wp,PN,0,0,0,0,Puno,53,0,0
U-5q3iEcos,PN,0,0,0,0,Tacna,60,0,0
U-cix5UlED,PN,0,0,0,0,Madre de dios,30,0,0
U-6BYKEr1b,PN,0,0,0,0,Junin,23,0,0
U-wdNYGCVc,PN,0,0,0,0,Ica,50,0,0
U-GabOAhJN,PN,1,0,0,0,Loreto,30,0,0
U-Dc1ERwY1,PN,0,0,0,0,Tumbes,41,0,0
U-qhecKsE5,PJ,0,0,0,0,Ayacucho,32,0,0
U-rdyzFJ3E,PN,1,0,0,0,Loreto,57,0,0
U-oewnuG0Y,PN,0,0,0,0,Puno,45,0,0
U-aUQG3hsi,PN,0,0,0,0,Lambayeque,25,0,0
U-HKueMGyA,PJ,0,0,0,0,Arequipa,29,0,0
U-wLG3KOkM,PN,0,0,0,0,Lambayeque,23,0,0
U-IgXbkoxf,PN,1,0,0,0,Cuzco,24,0,0
U-bxMVqaIn,PJ,0,0,0,0,Cuzco,41,1,0
U-ZqZKRFkA,PN,0,0,0,0,Madre de dios,51,0,0
U-7vmNOkSn,PJ,0,0,0,0,Tumbes,52,0,0
U-PRBtpHeR,PN,0,0,0,0,Ancash,23,0,0
U-lsw2M9ZE,PJ,0,0,0,0,Ica,43,0,1
U-a0Rq1v2N,PN,0,1,0,0,Junin,24,0,0
U-P5iOVMul,PN,0,0,0,0,Arequipa,30,0,0
U-HjkgHlqz,PN,0,0,0,0,Madre de dios,38,0,0
U-8X1OEmaC,PN,0,0,0,0,Lima,24,0,0
U-ifuir398,PJ,0,1,0,0,Lima,49,0,0
U-SGhu73uF,PN,0,0,0,0,Ancash,34,0,0
U-fkgCWbGH,PJ,0,0,0,0,Cuzco,37,0,0
U-Vi7jmy9n,PN,0,0,0,0,Puno,33,0,0
U-2Lsuaa7w,PJ,0,0,0,0,Cuzco,55,0,0
U-br9F0xbY,PN,0,0,0,0,Arequipa,46,0,0
U-TvVMfgTL,PN,0,0,0,0,Ancash,35,0,0
U-5FyI7B6M,PN,1,0,0,0,Ayacucho,55,0,0
U-lwVL7RPm,PN,0,0,0,0,Ancash,56,0,0
U-x1cKKyVJ,PN,0,0,0,0,Junin,53,0,0
U-ydgaUK0s,PN,0,0,0,0,Lima,51,0,0
U-XfDnefZb,PJ,0,0,0,0,Lambayeque,37,0,0
U-hPXKxanZ,PN,0,0,0,0,Lima,25,0,0
U-npMyt3Ks,PN,1,1,0,0,Puno,46,0,1
U-Uk5dfoPZ,PN,0,0,0,0,Cuzco,47,0,0
U-arEFPU7R,PN,0,0,0,0,Tumbes,36,1,0
U-C2WSHD4R,PN,0,0,0,0,Lima,41,0,0
U-lJimYHZ4,PN,0,0,0,0,Cuzco,37,0,0
U-0wPmPUjp,PN,1,0,0,0,Junin,39,0,0
U-uFLmFiz6,PJ,0,0,0,0,Lima,43,0,1
U-aNocH9MG,PN,0,0,0,0,Lambayeque,59,0,0
U-XBNasCpD,PJ,0,1,0,0,Puno,41,0,0
U-pqllQdAx,PN,0,0,0,0,Lambayeque,31,0,0
U-wt7vL0AL,PN,0,0,0,0,Ancash,64,0,0
U-qS6z34y9,PN,0,0,0,0,Ica,63,0,0
U-zlALWGIJ,PN,0,0,0,0,Arequipa,55,0,0
U-1VR21qxZ,PN,0,0,0,0,Lima,45,0,0
U-dJzMXUxO,PN,0,0,0,0,Junin,27,0,0
U-Yil84Nur,PN,0,0,0,0,Lima,54,0,0
U-hMSQ4xJD,PJ,0,0,0,0,Madre de dios,37,0,0
U-2cpMKLLx,PJ,0,0,0,0,Cuzco,30,0,0
U-0KWLdAFG,PN,0,0,0,0,Ica,43,0,0
U-dCNwqDoL,PN,0,0,0,0,Junin,63,0,0
U-DAU5MRES,PN,0,0,0,0,Arequipa,64,0,0
U-EOwKW4Fv,PN,0,0,0,0,Ica,61,0,0
U-3jjNH8zy,PN,0,0,0,0,Puno,42,0,0
U-UnYlw2Kf,PN,0,0,0,0,Tacna,23,0,0
U-1W1QzKjj,PN,0,1,0,0,Ica,24,0,0
U-2RF9AnfI,PN,0,0,0,0,Loreto,59,0,0
U-XJvU8Nvq,PN,0,0,0,0,Ayacucho,49,0,0
U-3kekkccn,PN,0,0,0,0,Ica,49,0,0
U-fw9Hs8VU,PJ,0,1,0,0,Puno,33,0,0
U-MZT5ePvz,PN,0,0,0,0,Junin,37,0,0
U-WQ8F3Uu0,PN,0,0,0,0,Ica,25,0,0
U-EPiuQahV,PN,0,0,0,0,Lima,38,0,0
U-sROdFbsJ,PN,0,0,0,0,Ayacucho,50,0,0
U-egN1f1Wu,PJ,0,0,0,0,Loreto,41,0,0
U-OOoijxUA,PJ,0,0,0,0,Tumbes,27,0,0
U-DFhYIMjH,PJ,0,0,0,0,Tacna,40,0,0
U-coJUpNOt,PJ,0,0,0,0,Ancash,57,0,0
U-FfiVoKGO,PN,0,0,0,0,Lambayeque,32,0,0
U-Ux9Bihin,PN,0,0,0,0,Tacna,46,0,0
U-SaoOlCOk,PN,1,0,0,0,Ancash,64,0,0
U-MZmBqk7o,PJ,0,0,0,1,Arequipa,37,0,0
U-oRw5vy9u,PJ,0,0,1,0,Loreto,55,0,0
U-qqz15vnY,PJ,0,0,0,0,Ayacucho,44,0,0
U-3sylSau9,PN,0,0,0,0,Lambayeque,42,0,0
U-k16B0HWn,PJ,0,0,0,0,Junin,56,0,0
U-UQQh7EN3,PJ,0,0,0,0,Cuzco,60,0,0
U-ia2NlrYl,PN,0,0,0,0,Ayacucho,55,0,0
U-SSFo12UG,PN,0,0,0,0,Lambayeque,63,0,0
U-w77CMNwV,PN,0,0,0,0,Cuzco,40,0,0
U-TnhFnhL5,PN,0,0,0,0,Madre de dios,49,0,0
U-kjwJUfHx,PN,0,0,0,0,Cuzco,38,0,0
U-tAljLFXA,PJ,0,0,0,0,Puno,37,0,0
U-Rugv18GM,PN,0,0,0,0,Tacna,39,0,0
U-D7rJYho1,PN,0,0,0,0,Lima,36,0,0
U-pXjLkMGL,PN,0,0,0,0,Tumbes,37,0,0
U-xsXEeLTl,PN,0,0,0,0,Cuzco,40,0,0
U-0nTmepKK,PN,0,0,0,0,Junin,34,0,0
U-X8cLS9jO,PN,0,0,0,0,Cuzco,40,0,0
U-c99okwn1,PN,0,0,1,0,Junin,30,0,0
U-2NtmzEJG,PN,0,0,0,0,Tumbes,61,0,0
U-dZqkcaRE,PN,0,1,0,0,Junin,64,0,0
U-z8m44XzQ,PN,0,0,0,0,Tacna,56,0,0
U-sfhKG8Xf,PJ,0,0,0,0,Ica,37,0,0
U-ssRr1xad,PN,0,0,0,0,Lambayeque,56,0,0
U-2Qw4rxY9,PJ,0,0,0,0,Ica,29,0,0
U-o4XlMSqx,PN,0,0,0,0,Lima,26,1,0
U-I9CL1n7F,PN,0,0,0,0,Lima,60,0,0
U-VQFFuaPv,PN,0,0,0,0,Lambayeque,48,0,0
U-YV0C6m2f,PN,0,0,0,0,Ica,24,0,0
U-mf4gw87I,PJ,0,0,0,0,Madre de dios,52,0,0
U-ah8eVlu6,PJ,0,0,0,0,Ancash,47,0,0
U-lPiwxmhU,PN,0,0,0,0,Madre de dios,44,0,0
U-ZrD5lvLC,PN,0,0,0,0,Tacna,40,0,0
U-zSo2nTT9,PN,0,0,0,0,Lambayeque,52,0,0
U-jBkZXyyr,PN,0,0,0,0,Ayacucho,28,0,0
U-GtAXD82T,PN,0,0,0,0,Ancash,63,0,0
U-OWp1uW7W,PN,0,0,0,0,Lima,41,0,0
U-ET4wVqew,PN,0,0,0,0,Loreto,30,0,0
U-yP11xint,PN,0,0,0,0,Cuzco,38,0,0
U-VkYeVRqr,PJ,0,0,0,0,Ancash,23,0,0
U-ZcORb9Hs,PN,0,0,0,0,Cuzco,29,0,0
U-8bfsffkS,PN,0,0,0,0,Junin,29,0,0
U-4jOjEpQy,PN,0,1,0,0,Arequipa,57,0,0
U-aAHroFiv,PN,0,0,0,0,Puno,49,0,0
U-cww8b4Tf,PN,0,0,0,0,Ayacucho,63,0,0
U-ronKO0Sg,PJ,0,0,0,0,Madre de dios,63,0,0
U-zEIYBHTN,PN,0,0,0,0,Madre de dios,34,0,0
U-XUDwiwWP,PN,0,0,0,0,Lima,41,0,0
U-qZw0j1Gk,PJ,0,0,0,0,Ancash,38,0,0
U-3pc7JE7H,PN,0,0,0,0,Junin,35,0,0
U-j2pjF3UC,PN,0,0,0,0,Arequipa,56,0,0
U-7m4e7GG6,PN,0,0,0,0,Puno,34,0,0
U-aq2MCWaw,PN,0,0,0,0,Madre de dios,38,0,0
U-eDx1c9mi,PN,0,0,0,0,Lima,36,0,0
U-AJzpSZEx,PN,0,0,0,0,Junin,31,0,0
U-McyrityF,PN,0,0,0,0,Ayacucho,58,0,0
U-Kzii6l0b,PN,0,0,0,0,Puno,40,0,0
U-yeVZqxkA,PJ,0,0,0,1,Ica,26,0,0
U-77fZi5wv,PN,0,0,0,0,Lima,37,0,0
U-lpYZbGYu,PN,0,0,0,1,Tumbes,63,0,0
U-v9xlAkUE,PN,1,0,0,0,Tacna,26,0,0
U-O3unp34N,PN,0,0,0,0,Tumbes,29,0,0
U-D2G2W3PU,PN,0,0,0,0,Junin,23,0,0
U-VPDchvZ1,PJ,0,0,0,0,Lambayeque,43,0,0
U-GUVYXMtN,PN,0,0,0,0,Ica,28,0,0
U-kadhYNKB,PN,0,0,0,0,Ancash,44,0,0
U-9cFK4DVH,PN,0,0,0,0,Tacna,32,0,0
U-OTPvTbVQ,PJ,0,0,0,0,Lambayeque,49,0,0
U-yw8G9a1w,PJ,0,0,0,0,Ancash,34,0,0
U-7QOMFaK6,PN,0,0,0,0,Ica,54,0,0
U-zd7IjchG,PJ,0,0,0,0,Cuzco,42,0,1
U-B93TESPy,PN,0,0,0,0,Loreto,58,0,0
U-yXRzrqhR,PN,0,0,0,0,Lima,47,0,0
U-FFZPFdYv,PJ,0,0,0,0,Ica,50,0,0
U-9Ng98sUx,PN,0,0,0,0,Ancash,58,0,0
U-YmZw05iz,PN,0,0,0,0,Tumbes,46,0,0
U-7LE9SK4t,PN,0,0,0,0,Loreto,33,0,0
U-9R1uo3Ur,PN,0,0,0,0,Cuzco,41,0,0
U-ZKpWigxd,PN,0,0,0,0,Junin,25,0,0
U-dAaItdZj,PN,0,1,0,0,Arequipa,24,0,0
U-bmyFlo1C,PN,0,1,0,0,Arequipa,42,0,0
U-aNZ7rMg6,PN,0,0,0,0,Ayacucho,61,0,0
U-pUVh2DUF,PJ,0,0,0,0,Ancash,56,0,0
U-WtDhom4Z,PJ,1,0,0,0,Lima,40,0,1
U-8JTB0uWi,PN,0,0,0,0,Puno,26,0,0
U-IRF07N8X,PJ,0,0,0,1,Arequipa,42,0,0
U-vIMZig7v,PN,0,0,0,0,Loreto,64,0,0
U-SVMizQLh,PJ,0,0,0,0,Ayacucho,26,0,0
U-ZBquP89b,PJ,0,0,0,0,Junin,63,0,0
